Mark,1,1,"Kadava lil si pa e Laćhi Vestǎ pa o Isus , o Ćhavo le Devlesqo."
Mark,1,2,"Ol bukǎ astarde sar si xramome and‑o lil le proorokosqo Isaja: O Del phenel „Dikh, maj anglal Tuθar varekas te phenel Mirre Dume; vov laćharela Kiro drom."
Mark,1,3,"Vov si kodova kaj ćingardel and‑o mulano than: «Laćharen o drom le Rajesqo, keren vaś Lesqe laćhe droma!»”"
Mark,1,4,Kadja ke avilǎs o Joan savo and‑o haj siklǎrelas le manuśen te bolden pen k‑o Del haj te bolen pen kaś te aven jertime lenqe .
Mark,1,5,Haj astarde te aven lesθe savorre andar e reʒiunǎ haj savorre kaj beśenas and‑o Jerusalim. Haj von phende so bezexa si len haj sas bolde lesθar and‑o pani Jordan.
Mark,1,6,"O Joan phiravelas jekh gad kerdo andar bala kämilaqe, sas phanglo k‑o maśkar jekhe morkhǎqi haj xalas läkuste haj avgin veśutno."
Mark,1,7,O Joan siklǎrelas: — Pala manθe avel Kodova kaj si maj zoralo manθar. Me na sem laćho ⌞te avav Lesqi ⌟ te putarav ol katar Lesqe sandale.
Mark,1,8,"Me boldǒm tumen and‑o pani, ama Vov bolela tumen and‑o Duho. O Joan bolel le Isusos"
Mark,1,9,"Ande kodola gesa avilo o Isus andar o foro Nazaret, kaj si and‑e reʒiunǎ Galilea haj o Joan Les and‑o pani Jordan."
Mark,1,10,"Haj ćak atunći, kana inklǒlas o Isus andar o pani, o Joan dikhlǎs o ćeri putardo haj le Duhos sar mukhel Pes tele opral Lesθe sar jekh ."
Mark,1,11,"Haj jekh glaso aśundǎs pes andar o ćeri: — Tu san Mirro Ćhavo saves jubiv Les but, Tu lośares Man. O Isus si thodo k‑e proba"
Mark,1,12,"Haj pala kadaja, o Duho ingerdǎs le Isusos and‑o ."
Mark,1,13,"Haj beślǎs and‑o mulano than gesa, haj o Satan thodǎs Les k‑e proba. Kothe Vov sas le animalença othar, haj ol ïnʒerǎ sluźinas Les. O Isus del duma pa o Thagaripen le Devlesqo"
Mark,1,14,"Pala so o Joan sas ćhudino and‑e temnica, o Isus avilǎs and‑e Galilea haj siklǎrelas pa e Laćhi Vestǎ le Devlesqi."
Mark,1,15,Phenelas: — Avilǎs e vremǎ haj o le Devlesqo si paśe. Bolden tumen k‑o Del katar tumare haj pakǎn and‑e Laćhi Vestǎ! E jekhto var kana o Isus akharel ućenićen
Mark,1,16,"Kana nakhelas o Isus p‑o malo le Bare Paněsqo Galilea, dikhlǎs duje – le haj le Andrejos – kana ćhudenas and‑o pani jekh plasa maćhenqi, vaś ke von astarenas maćhen."
Mark,1,17,O Isus phendǎs lenqe: — Aven pala Manθe haj kerava tumen te astaren manuśen!
Mark,1,18,Haj atunći von mukhle penqe plase haj gele pala Lesθe.
Mark,1,19,"Pala so gelǎs jekh cïra maj dur, dikhlǎs le Zevedejosqe ćhaven – le Jakovos haj le Joanos, save sas vi von and‑jekh barka haj laćharenas penqe plase,"
Mark,1,20,haj len . Von gele pala Lesθe haj mukhle and‑e barka penqe dades – le Zevedejos – lesqe bukǎrnença. O Isus sastǎrel jekhe manuśes ande savesθe sas beng
Mark,1,21,"O Isus haj Lesqe ućenićǎ gele k‑o Kapernaum. And‑o ges le Sabatosqo o Isus gelǎs and‑e haj astardǎs te siklǎrel,"
Mark,1,22,"haj ol manuśa aćhenas mirime kana aśunenas Les, vaś ke siklǎrelas len sar jekh saves si les zor katar o Del, haj na sar ol la Leʒǎqe."
Mark,1,23,"Ćak atunći sas ande lenqi sinagoga jekh manuś ande savesθe sas jekh beng, savo astardǎs te cipil: —"
Mark,1,24,"So si Tut amença, Isusona andar o Nazaret? Avilǎn te mudares amen? Ʒanav kon san: o Sfïnto le Devlesqo!"
Mark,1,25,O Isus porunćisardǎs lesqe: — Aćh andar o muj haj te inklǒs ⌞akana⌟ avri andar o manuś kadava!
Mark,1,26,"Haj kodova beng izdravdǎs le manuśes, cipisajlǎs zorales haj inklistǎs andar lesθe."
Mark,1,27,Savorre aćhile mirime haj pućhenas pen jekh avres: — So si kadaja buki? Jekh siklǎripen nevo saves si les zor! Vov porunćil vi le bengenqe haj von keren so phenel Vov!
Mark,1,28,Haj ʒanglǎs pes pa Lesθe ande savorri Galilea. Maj but nasfale si sastǎrde
Mark,1,29,"Pala so inkliste andar e , gele andre and‑o kher le haj le Andrejosqo, le Jakovoça haj le Joanoça."
Mark,1,30,"E le Simonosqi sas nasfali k‑o pato, sas la febra. Haj von phende le Isusosqe pa laθe."
Mark,1,31,"Vov avilǎs, lilǎs la vastesθar haj vazdinǎs la. Atunći mukhlǎs la e febra haj astardǎs te sluźil len."
Mark,1,32,"Rǎte, pala so mukhlǎs pes o kham, ol manuśa ande savorre nasfalen Lesθe haj vi kodolen ande savenθe sas benga."
Mark,1,33,Haj savorre manuśa andar o foro kidine pen k‑o udar.
Mark,1,34,"Vov sastǎrdǎs buten kaj sas len sakon felo nasfalimata haj inkaldǎs bute bengen. Haj na mukhelas le bengen te den duma, vaś ke ʒanenas kon si Vov."
Mark,1,35,", kana sa sas , Vov uśtilǎs haj gelo avri and‑jekh than kaj n‑as khonik. Haj rugilas Pes kothe."
Mark,1,36,O Simon haj kodola save sas Leça gele te roden Les
Mark,1,37,"haj kana arakhle Les, phende Lesqe: — Savorre roden Tut."
Mark,1,38,"Vov dinǎs len anglal: — Haj te ʒas ande aver thana, and‑ol gava paśal, kaś te siklǎrav vi kothe, vaś ke anda kadaja avilem. Jekh manuś nasfalo lepraθar si sastǎrdo"
Mark,1,39,O Isus siklǎrelas and‑ol andar savorri Galilea haj inkalelas bengen.
Mark,1,40,"Avilǎs Lesθe jekh manuś leproso, savo thodǎs pes ande angla Lesθe, haj rugilas Les: — Tu daśtis te sastǎres man te avav uźo , te kames."
Mark,1,41,"Le Isusos sas Les mila lesθar, thodǎs Pesqo vast pe lesθe haj phendǎs lesqe: — Va, kamav, av uźo!"
Mark,1,42,Andar jekhvar na maj sas les lepra haj sas uźo.
Mark,1,43,O Isus porunćisardǎs lesqe zorǎça haj les kothar: —
Mark,1,44,"Dikh te na phenes khanikasqe! Ama ʒa te dikhel tut o haj de źertfa anda kiro uźaripen so porunćisardǎs o Mojse, kaś te dikhen von ke tu san uźo!"
Mark,1,45,"Ama kodova manuś, pala so telǎrdǎs, astardǎs te phenel le manuśenqe ande but thana ke vov sas sastǎrdo le Isusosθar. Kadja ke o Isus na maj daśtilas te ʒal ande nići jekh foro angl‑ol manuśa. Vaś kodoja beśelas avri, and‑ol thana kaj n‑as khonik, haj avenas Lesθe manuśa andar savorre thana."
Mark,2,1,"Pala varesode gesa, o Isus boldinǎs pes k‑o Kapernaum. Aśundǎs pes ke si and‑o kher"
Mark,2,2,"haj kidine pen ⌞⌞ ⌟⌟ kadja de but manuśa, ke na maj sas len than nići avri angl‑o udar. ⌞O Isus⌟ phenelas lenqe e Duma le Devlesqi."
Mark,2,3,Avile śtar ʒene save Lesθe jekhe manuśes kaj sas paralizime.
Mark,2,4,"Ama na daśtinas te ingeren les ʒi Lesθe, vaś ke sas but manuśa. Vaś kodoja von pharavde o tavano le kheresqo kaj sas o Isus haj kothar mukhle tele e targa le paralizime manuśeça."
Mark,2,5,"Kana o Isus dikhlǎs ke von pakǎn ande Lesθe, Vov phendǎs kodolesqe kaj sas paralizime: — Mirro ćhavo, kire si jertime!"
Mark,2,6,Kothe sas niśte la Leʒǎqe kaj pućhenas pen:
Mark,2,7,„Sar daśtil Vov te del duma kadja? Prasal le Devles! Numaj o Del daśtil te jertil ol bezexa.”
Mark,2,8,O Isus ʒanglǎs lenqe gïndurǎ haj phendǎs lenqe: — Sosθar gïndin kadja?
Mark,2,9,"Si maj lokhes te phenes le manuśesqe paralizime: „Kire bezexa si jertime” vaj: „Uśti, le kiri targa haj phir”?"
Mark,2,10,Ama te ʒanen ke le si Les zor p‑e phuv te jertil ol bezexa! —
Mark,2,11,"Vaś kodoja Vov phendǎs le manuśesqe paralizime: — Phenav tuqe: uśti, le kiri targa haj ʒa khere!"
Mark,2,12,"Haj p‑o than, o manuś paralizime uśtilǎs, lilǎs pesqi targa haj inklistǎs avri angla savorre. Kadja ke savorre aćhile mirime haj denas slava le Devles haj phenenas: — na maj dikhlǎm jekh buki sar kadaja! O Isus akharel le Levěs"
Mark,2,13,"O Isus gelǎs palem paśa o baro pani ⌞Galilea⌟. Savorre manuśa avenas Lesθe, haj Vov siklǎrelas len."
Mark,2,14,"Kana nakhelas Vov kothar, dikhlǎs le Levěs le Alfewosqo kana beśelas te lel ol takse k‑e vama. Haj phendǎs lesqe: — Av pala Manθe! O Levi uśtilǎs haj gelǎs pala Lesθe."
Mark,2,15,O Isus haj Lesqe ućenićǎ beśenas k‑e sinia and‑o kher le Levěsqo. Lença beśle vi but vameśǎ haj „bezexale manuśa ”. Sas but kasave manuśa kaj ʒanas pala Lesθe.
Mark,2,16,"Kana dikhle Les ke xal le vameśença haj le bezexalença, ol la Leʒǎqe andar ol phende Lesqe ućenićenqe: — Sosθar xal Vov ⌞⌞haj piel⌟⌟ le vameśença haj le bezexalença?"
Mark,2,17,"Kana aśundǎs kadaja buki, o Isus phendǎs lenqe: — Na trebul doktoro le sastevesten, ta le nasfalen. Me na avilem te kodolen save si laćhe ⌞⌞te bolden pen k‑o Del katar penqe ⌟⌟, ta kodolen save si bezexale. Pa o posto"
Mark,2,18,"Ol ućenićǎ le Joanosqe haj ol ćhinenas pen katar o xaben butvar. Avile haj pućhle le Isusos: — Sosθar ol ućenićǎ le Joanosqe o Bolitori haj le fariseenqe inkeren posto, haj Kire ućenićǎ na?"
Mark,2,19,"O Isus dinǎs len anglal: — Daśtin te inkeren posto ol le ʒamutresqe (mirelosqe) kana vov si lença k‑o abǎv? Sode vremǎ o ʒamutro (mirelo) si lença, von na daśtin te ćhinen pen katar o xaben."
Mark,2,20,Avena gesa kana o ʒamutro (mirelo) avela lino de‑ande lenqo maśkar haj atunći von ćhinena pen katar o xaben ande kodova ges.
Mark,2,21,"Khonik na suvel pe jekh gad purano jekh kotor andar jekh nevo, savo ïnkë n‑as thovdo te tiknǒl. Ama dake varekon kerel kadja, k‑o jekhto thovipen o kotor kikidel pes haj pharavel vi maj but o gad."
Mark,2,22,"Haj khonik na ande purane burdufǎ mol nevi, vaś ke e nevi mol pharavel len haj ćhordǒl e mol haj rimon pen ol burdufǎ. Kadja ke e nevi mol ćhel pes ande neve burdufǎ. O Isus — o Raj le Sabatosqo"
Mark,2,23,"Ande jekh ges Sabatosqo, o Isus nakhelas pand‑ol kïmpurǎ le givesqe. Kana kerenas penqe drom, Lesqe ućenićǎ astarde te kiden niśte spikurǎ, ⌞kaś te xan ol bobǎ⌟."
Mark,2,24,"Ol phende Lesqe: — Dikh, sosθar von ⌞kiden spikurǎ⌟ and‑o ges le Sabatosqo? Na‑i voja ⌞te keren buki pala e Leʒǎ⌟!"
Mark,2,25,O Isus dinǎs lenqe anglal: — Tume na drabarden so kerdǎs o David haj kodola save sas leça kana sas bokhale haj n‑as len so te xan?
Mark,2,26,"Sar gelǎs vov andre and‑o Kher le Devlesqo, kana o Abjatar sas o baro , haj xalǎs manre sfincime, save si te xan len numaj ol raśaja, ⌞pala e Leʒǎ⌟? Haj sar dinǎs andar lenθe vi kodolenqe save sas leça?"
Mark,2,27,"Pala kodoja, o Isus maj phendǎs lenqe: — O Sabato sas thodo vaś o manuś, haj na o manuś vaś o Sabato,"
Mark,2,28,"kadja ke, o si Raj vi le Sabatosqo."
Mark,3,1,O Isus gelo palem and‑e . Kothe sas jekh manuś jekhe vasteça paralizime.
Mark,3,2,"⌞Ol ⌟ sas le jakhença p‑o Isus te dikhen dake sastǎrela kodoles and‑o ges le Sabatosqo, kaś te daśtin te dośaren Les."
Mark,3,3,Haj o Isus phendǎs le manuśesqe savesqo vast sas paralizime: — Uśti opre haj beś and‑o maśkar!
Mark,3,4,Pala kadaja phendǎs lenqe: — So si voja le manuśes te kerel and‑o ges le Sabatosqo: te kerel laćhipen vaj te kerel nasulipen? Te xastravel jekhe manuśes katar o meripen vaj te mudarel varekas? Ama von aćhenas andar o muj.
Mark,3,5,Atunći Vov dikhlǎs xolǎme k‑ol ʒene save sas rota haj sas tristome vaś ke sas lenqe śerenθar. Vov phendǎs le manuśesqe: — Zinzar kiro vast! Vov zinzardǎs les haj lesqo vast sastilǎs.
Mark,3,6,Ol farisea inkliste avri haj ćak atunći dine duma le irodienença sar te mudaren le Isusos. O Isus sastǎrel bute nasfalen
Mark,3,7,"O Isus gelo Pesqe ućenićença karing o baro pani Galilea. Pala Lesθe gele but but manuśa andar e reʒiunǎ Galilea, andar e ,"
Mark,3,8,"andar o Jerusalim, andar e reʒiunǎ Idumea, de intǎl o Jordan haj paśal ol forurǎ Tir haj Sidon. Kodola but manuśa avile Lesθe vaś ke aśunde sǎ so kerelas."
Mark,3,9,"O Isus porunćisardǎs le ućenićenqe te anen Lesqe jekh barka, kaś te na spiden pen ol manuśa ande Lesθe."
Mark,3,10,"Vaś ke Vov sastǎrelas buten, savorre save sas nasfale spidenas pen te aresen Lesθe, kaś te azban Les."
Mark,3,11,"Kana dikhenas Les ol benga, perenas tele p‑e phuv angla Lesθe haj cipinas: — Tu san o Ćhavo le Devlesqo!"
Mark,3,12,Ama Vov porunćilas lenqe zorǎça te na phenen kon si Vov. O Isus alosarel le deśuduje apostolen
Mark,3,13,"Pala kadaja, o Isus gelo opre p‑o , Pesθe kas kamlǎs Vov, haj von avile."
Mark,3,14,"Alosardǎs andar lenθe deśudujen, saven thodǎs len , kaś te aven Leça haj te len te phenen e Laćhi Vestǎ."
Mark,3,15,Vov dinǎs len zor ⌞⌞te sastǎren le manuśen haj⌟⌟ te inkalen bengen.
Mark,3,16,"Kadala si ol deśuduj saven alosardǎs len: o – savesqe thodǎs lesqe o –,"
Mark,3,17,"o Jakov le Zevedejosqo haj o Joan, le Jakovosqo – savenqe thodǎs lenqe o anav Boanerges , kaj tradućil pes „ol ćhave le tunetosqe”,"
Mark,3,18,"o Andrej, o Filip, o Bartolomej, o Matej, o Toma, o Jakov le Alfejosqo, o Tadew, o Simon o Kanaanito"
Mark,3,19,"haj o Juda o Iskariotǎno, savo vi bikindǎs le Isusos. O bezex kontra le Somnale Duhosqi"
Mark,3,20,"O Isus haj Lesqe ućenićǎ avile and‑jekh kher, ama na maj daśtinas nići te xan, vaś ke palem kidine pen ol but manuśa."
Mark,3,21,"Kana e familia le Isusosqi aśundǎs, telǎrde te len Les kothar, vaś ke phenenas ke dilǎjlǎs."
Mark,3,22,"Ol la Leʒǎqe save avile andar o Jerusalim, phenenas: — O Beelzebul si ande Lesθe — haj — Le bareça le bengenqo inkalel Vov le bengen!"
Mark,3,23,Ama o Isus len Pesθe haj dinǎs lenqe duma ande pilde: — Sar daśtil o Satan te inkalel avri le Satanas?
Mark,3,24,"Kana ande jekh ol manuśa maren pen maśkar penθe, na inkerela but kodova thagaripen."
Mark,3,25,"Haj kana ande jekh familia ol manuśa xan pen maśkar penθe, na inkerela but kodoja familia."
Mark,3,26,"Kana o Satan si kontra pesqe bengenqi haj marel pes lença, lesqo thagaripen na maj aćhel, ta perel."
Mark,3,27,"Khonik na daśtil te ʒal and‑o kher jekhe manuśesqo zoralo haj te ćorel ol bukǎ kolesqe, ʒi kana na phandela les maj anglal. Numaj atunći daśtila te ćorel savorre bukǎ andar lesqo kher."
Mark,3,28,Ćaćes phenav tumenqe ke avena jertime le manuśenqe savorre bukǎ – ol haj ol prasaimata kaj phenena len.
Mark,3,29,Ama orkon prasala le Duhos na avela jertime . Kodova aćhela dośalo savorri vremǎ kadale bezexesθar.
Mark,3,30,O Isus phendǎs kadala bukǎ vaś ke von phenenas ke si Les beng. E dej le Isusosqi haj Lesqe phrala
Mark,3,31,Atunći avile e dej le Isusosqi haj Lesqe . Von beśenas avri haj te Les.
Mark,3,32,"But manuśa beśenas tele paśa Lesθe haj phende Lesqe: — Dikh, Kiri dej, Kire phrala haj Kire phenǎ si avri haj roden Tut."
Mark,3,33,Vov dinǎs lenqe anglal: — Kon si Mirri dej haj Mirre phrala?
Mark,3,34,"Dikhlǎs rota kodolenθe save sas paśa Lesθe haj phendǎs: — Ita, kadala si Mirri dej haj Mirre phrala!"
Mark,3,35,"Vaś ke orkon kerel so kamel o Del, si Mirro phral, Mirri phen haj Mirri dej."
Mark,4,1,"O Isus astardǎs palem te siklǎrel paśa o baro pani. Vaś ke kidinesas pen but manuśa paśa Lesθe, o Isus gelǎs opre and‑jekh barka haj beślǎs ande laθe p‑o pani. Ol manuśa beśenas p‑o malo le paněsqo."
Mark,4,2,Haj o Isus siklǎrelas len but bukǎ ande pilde. Jekh pilda kaj phenelas sas: —
Mark,4,3,"Aśunen! Dikh, o semänätori inklistǎs te sämïniel."
Mark,4,4,Sas semince save pele paśa o drom: haj avile ol ćiriklǎ haj xale len.
Mark,4,5,"Aver semince pele pe jekh than barrença kaj n‑as len but phuv. Inkliste vaś ke n‑as len but phuv p‑ol barra,"
Mark,4,6,"ama kana inklistǎs o kham, o giv śukilǎs, haj, vaś ke n‑as les rädäćina, mulǎs."
Mark,4,7,"Aver semince pele maśkar ol kanre: ol kanre barile, tasavde len haj o giv na maj dinǎs rodo."
Mark,4,8,"Aver semince pele p‑e phuv laćhi haj, kerindoj pen uće haj bare, ande rodo: varesave trǎnda, aver śovardeś haj aver jekh śel."
Mark,4,9,"Pala kadaja Vov phendǎs: — Kas si les kan te aśunel, te aśunel! Sosθar delas duma o Isus ande pilde"
Mark,4,10,"Kana aćhile korkorre, kodola save sas paśa Lesθe haj vi ol deśuduj, pućhle le Isusos pa ol pilde. —"
Mark,4,11,"Tumenqe — phendǎs lenqe Vov — sas tumenqe dino te ʒanen so na sasas ʒanglo pa o le Devlesqo, ama vaś kodola d‑avrǎl, savorre bukǎ si sikavde ande pilde,"
Mark,4,12,"kaj, vi kana si len laćhe jakha, sa te na dikhen, vi kana aśunen miśto, te na xakǎren, kaś te na bolden pen ⌞k‑o Del⌟ haj te na aven jertime. So kamel te phenel e pilda le semänätoresqi"
Mark,4,13,Pala kodoja o Isus phendǎs lenqe: — Na xakǎren kadaja pilda? Sar xakǎrena tume okolaver pilde?
Mark,4,14,O semänätori sämïniel o .
Mark,4,15,"Varesave semince peren paśa o drom: kana sämïniel pes o Lav haj aśunen les ol manuśa, avel o Satan haj lel o Lav kaj si sämïnime ande lenθe."
Mark,4,16,"Aver si sämïnime and‑ol thana barrença: kana ol manuśa aśunen o Lav, primin les p‑o than lośaça,"
Mark,4,17,"ama na‑i les rädäćina ande kadala manuśa haj na inkerel but. Haj kana avel jekh pharipen vaj kana aver manuśa kerena lenqe nasul ⌞vaś ke pakǎn o Lav⌟, p‑o than von penqo pakǎpen."
Mark,4,18,"Aver si sämïnime and‑ol thana kanrença: ol manuśa aśunen o Lav,"
Mark,4,19,ama ande lenqe ile aven ol pharimata la lumǎqe. Xoxavdǒn vaś ke kamen te aven barvale haj kamen vi aver bukǎ save tasaven o Lav haj keren les te na anel rodo.
Mark,4,20,"Haj okolaver si sämïnime ande laćhi phuv: ol manuśa aśunen o Lav, primin les haj den rodo: jekh trǎnda, aver śovardeś haj aver jekh śel. E dud inkerdi garavdi"
Mark,4,21,Haj o Isus maj pućhlǎs len: — Phabares jekh lampa te garaves la telal jekh kośo vaj telal o pato? Haj na te thos la opre kaś te kerel ?
Mark,4,22,"⌞Kadja sar jekh lampa na‑i garavdi⌟, sa kadja savorre bukǎ kaj si garavde avena dikhle. Haj sǎ so na‑i xakǎrdo akana, avela prinʒardo maj palal."
Mark,4,23,"Kas si les kan te aśunel, te aśunel!"
Mark,4,24,"Vov maj phendǎs lenqe: — Len sama so aśunen! So mäsuraça den tume, sa kodolaça primien, haj dela pes tumenqe vi maj but."
Mark,4,25,"Vaś ke kodoles kaj si les, dela pes lesqe, ama kodoles kaj na‑i les, lela pes lesθar vi so si les. E pilda pa e sämïnca"
Mark,4,26,O Isus maj phendǎs: — O le Devlesqo si sar atunći kana jekh manuś ćhudel e sämïnca p‑e phuv.
Mark,4,27,"Vi ke sovel vaj ke uśtel, rǎte haj gese, e sämïnca astardǒl haj barǒl bi te ʒanel o manuś sar."
Mark,4,28,"E phuv del rodo korkorri: maj anglal inklel jekh firo ⌞zeleno⌟, pala kadaja jekh spiko, haj pala kadaja giv and‑o spiko."
Mark,4,29,"Kana o rodo si peko, o manuś lel te ćhinel les la sećeraça, vaś ke avilǎs e vremǎ le ćhinimasqi. E pilda pa o bobo le muśtaresqo"
Mark,4,30,"O Isus maj phendǎs: — Sar si o le Devlesqo, vaj so pilda te phenas pa lesθe?"
Mark,4,31,"Vov si sar jekh bobo muśtaresqo savo, kana si ćhuto and‑e phuv, si o maj tikno andar savorre semince de p‑e phuv."
Mark,4,32,"Ama pala so sas ćhuto and‑e phuv, barǒl haj kerdǒl o maj baro andar savorre zelenimata andar e bar. Haj kerel bare , kadja ke ol ćiriklǎ daśtin te keren penqe kujburǎ ke lesqi ."
Mark,4,33,"Bute kasave pildença phenelas lenqe o Isus o , sar daśtinas von te xakǎren."
Mark,4,34,"Na delas lenqe duma nići jekh cïra bipildenqo, ama kana sas numaj Pesqe ućenićença, lenqe phenelas lenqe sǎ. O Isus aćhavel e bari balval"
Mark,4,35,"Ande sa kodova ges, rǎtǎl, o Isus phendǎs lenqe: — Haj te nakhas p‑okoaver malo!"
Mark,4,36,"Pala so mukhle le bute manuśen, ol ućenićǎ avile and‑e barka kaj sas Vov haj gele Leça. Paśe kothar maj sas vi aver barke."
Mark,4,37,"Astardǎs jekh bari balval, savi ćhudelas ol valurǎ and‑e barka, kadja ke e barka sas paśe te pherdǒl pani."
Mark,4,38,"Haj o Isus sovelas and‑e paluni rig la barkaqi, pe jekh śerand. Ol ućenićǎ uśtǎrde Les haj phende Lesqe: — , na dukhal Tut ke meras?"
Mark,4,39,Vov uśtilǎs haj porunćisardǎs la balvalǎqe haj le bare paněsqe: — Aćh! Beś! Haj e balval na maj mardǎs haj o pani beślǎs p‑o than.
Mark,4,40,Pala kadaja phendǎs lenqe: — Sosθar ? Sa na pakǎn?
Mark,4,41,Lenqe sas lenqe bari haj phenenas penqe jekh avresqe: — Kon si Kadava savesθar aśunen vi e balval haj vi o baro pani?
Mark,5,1,"O Isus haj ol ućenićǎ nakhle p‑okoaver malo le bare paněsqo, and‑e reʒiunǎ le gerasenenqi."
Mark,5,2,"Kana dinǎs pes tele o Isus andar e barka, avilǎs anglal Lesθe jekh manuś ⌞kaj inklǒlas⌟ andar ol thana praxomasqe haj kaj sas les beng ande lesθe."
Mark,5,3,"Vov beśelas and‑ol haj ći daśtilas khonik te phandel les nići barem ,"
Mark,5,4,"vaś ke butvar sasas phanglo kätuśença haj źanźirença, ama ćhindǎsas ol źanźira haj phaglǎsas ol kätuśe. Khonik ći daśtilas te inkerel les p‑o than."
Mark,5,5,"Savremǎ, gese haj rǎte, phiravelas pes and‑ol thana praxomasqe haj p‑ol , ćingarindoj haj ćhindoj pes barrença."
Mark,5,6,"Kana dikhlǎs le Isusos dural, naślǎs, dinǎs Lesqe ćang"
Mark,5,7,"haj ćingardǎs zorale glasoça: — So kames manθar, Isusona, Ćhavea le Bare Devlesqo? Mangav Tut zorales, angl‑o Del, te na kinuis man!"
Mark,5,8,"Ke o Isus phendǎsas lesqe: — Bengana, inklǒ andar kadava manuś!"
Mark,5,9,Haj pućhlǎs les: — Savo si kiro ? — Mirro anav si Leʒiune — phendǎs vov — vaś ke sam but.
Mark,5,10,Haj mangenas Les zorales te na ćhudel len avri andar kodoja reʒiunǎ.
Mark,5,11,"Kothe, paśa o plaj, xalas jekh bari turma balenqi."
Mark,5,12,Haj ol benga mangle Les: — Mukh amen te ʒas ande kodola bale!
Mark,5,13,"O Isus mukhlǎs len. Haj ol benga inkliste haj ćhute pen and‑ol bale. Ol bale, kaj sas kam duj mii, de p‑e stïnka and‑o baro pani haj tasavdile."
Mark,5,14,"Ol manuśa kaj barǎrenas le balen naśle haj phende pa kadaja buki and‑o foro haj and‑ol gava de paśal, haj ol manuśa avile te dikhen so sas."
Mark,5,15,"Von aresle k‑o Isus haj dikhle kodole manuśes kaj sasas les e leʒiunǎ bengenqi ande lesθe. Vov beśelas tele, xurǎvdo haj sasto pesqe gogǎθe. Haj von ."
Mark,5,16,Kodola kaj dikhlesas phende maj dur avrenqe sǎ so sasas le bengaleça haj le balença.
Mark,5,17,Atunći line te mangen le Isusos te ʒal Pesqe andar lenqi reʒiunǎ.
Mark,5,18,"Kana o Isus ʒalas opre and‑e barka, o manuś kaj sasas bengalo mangelas Les te mukhel les te beśel Leça."
Mark,5,19,"O Isus ći mukhlǎs les, haj phendǎs lesqe: — Ʒa tuqe khere kire manuśenθe haj phen lenqe sǎ so kerdǎs o Raj anda tuθe haj sar sas Les mila tuθar!"
Mark,5,20,"Vov gelǎs pesqe haj lǎs te phenel and‑e reʒiunǎ Dekapole sǎ so kerdǎsas o Isus anda lesθe, haj savorre manuśa mirinas pen. O ʒivdǎripen le Jairosqe ćhajorrǎqo haj sar sas sastǎrdi jekh ʒuvli"
Mark,5,21,"Pala so nakhlǎs o Isus palem o baro pani la barkaça, jekh baro kidipen manuśenqo avilǎs paśa Lesθe. Vov sas paśa o pani"
Mark,5,22,"kana avilǎs jekh andar ol maj bare la . O manuś kaj bućholas Jair, dikhindoj le Isusos, pelǎs ke Lesqe punre"
Mark,5,23,"haj mangelas Les dukhaça: — Mirri ćhajorri paśol te merel. Av haj tho Kire vasta pe laθe, kaj te avel sastǎrdi haj te ʒivel pesqe!"
Mark,5,24,"O Isus gelǎs leça. Pala Lesθe gele but manuśa, kaj spidenas pen pe Lesθe."
Mark,5,25,Kothe sas jekh ʒuvli kaj sas la jekh ratesqo thavdipen de deśuduj berśa.
Mark,5,26,"Voj cïrdǎsas bari dukh ʒandoj k‑ol but doktorǎ, xalǎsas sǎ ol love kaj sasas la, ama khanćesqe, ke vi maj nasul areslǎsas."
Mark,5,27,"Aśundǎsas ke den duma pa o Isus, avilǎs palal maśkar ol manuśa haj azbajlǎs Lesqo gad,"
Mark,5,28,"ke phenelas pesqe: „Numaj te daśtiav varesar te azbav Lesqo gad, avava sastǎrdi.”"
Mark,5,29,Laqo thavdipen p‑o than aćhilo haj xakǎrdǎs ande laqo trupo ke sastilǎs.
Mark,5,30,"O Isus xakǎrdǎs ke jekh zor inklilǎs andar Lesθe haj, boldindoj Pes karing ol manuśa, pućhlǎs: — Kon azbajlǎs Mirre gada?"
Mark,5,31,Ol ućenićǎ phende Lesqe: — Dikhes ke ol manuśa spiden pen pe Tuθe haj maj pućhes: „Kon azbajlǎs Mirre gada?”
Mark,5,32,Ama Vov boldelas Pes te dikhel kon kerdǎs kadaja buki.
Mark,5,33,"E ʒuvli, kaj haj izdranilǎs, vaś ke ʒanelas so kerdǎs pes laça, avilǎs, ćhudǎs pes ke Lesqe punre haj phendǎs Lesqe sǎ o ćaćipen."
Mark,5,34,"Ama o Isus phendǎs laqe: — Mirri ćhej, kiro pakǎpen sastǎrdǎs tut. Ʒa tuqe paćǎça haj te aves sastǎrdi kire nasfalimasθar!"
Mark,5,35,"Kana o Isus ïnkë delas duma, avile varesave manuśa katar o maj baro la sinagogaqo haj phende: — Kiri ćhejorri mulǎs! Sosqe maj xolǎres le ?"
Mark,5,36,"Ama o Isus, kana aśundǎs lenqe dume, phendǎs le maj baresqe la sinagogaqo: — Te na daras! Numaj te pakǎs!"
Mark,5,37,"Haj na mukhlǎs khanikas te ʒal Leça, numaj le Petros, le Jakovos haj le Joanos, o le Jakovosqo."
Mark,5,38,"Aresle k‑o kher le maj baresqe la sinagogaqo, haj o Isus dikhlǎs le bute manuśen ke roven zorale mujeça."
Mark,5,39,"Kana Vov gelǎs ⌞and‑o kher⌟, phendǎs lenqe: — Sosqe keren zarva haj roven? E ćhejorri ći mulǎs, voj sovel pesqe!"
Mark,5,40,"Ama von asanas Lesθar. O Isus, pala so ankalavdǎs len avri savorren, lǎs Peça le dades la ćhejaqo, laqe daja haj le trine ućenićen kaj sas Leça haj gele kaj sas e ćhejorri."
Mark,5,41,"Lǎs la ćhejorrǎ vastesθar haj phendǎs laqe: — Talitha kumi — kaj tradućil pes: „Ćhejorrie, phenav tuqe, uśti!”"
Mark,5,42,E ćhejorri uśtilǎs p‑o than haj astardǎs te phirel. Sas la deśuduj berśa. Atunći von but mirinas pen.
Mark,5,43,O Isus porunćisardǎs lenqe zorales te na phenen khanikasqe kadala bukǎ haj phendǎs lenqe te den la ćhejaqe te xal.
Mark,6,1,"O Isus gelǎs Pesqe kothar haj avilǎs ande Pesqo foro kaj barilǎs, haj Lesqe ućenićǎ gele pala Lesθe."
Mark,6,2,"Kana avilǎs o ges Sabatosqo, astardǎs te siklǎrel le manuśen and‑e . But manuśa, kana aśunenas Les, mirinas pen haj phenenas: — Sar ta ʒanel Vov sǎ kadala bukǎ? Kon dǎs Les kadaja laćhi gogi haj sar kerel kasave bare bukǎ Pesqe vastença?"
Mark,6,3,"Na si Vov o kaśtari, o ćhavo la Mariaqo, o le Jakovosqo, le Josesqo, le Judasqo haj le Simonosqo? Haj Lesqe phenǎ na‑i kathe, maśkar amenθe? Von sas xolǎme pe Lesθe ⌞anda Lesqe siklǎrimata⌟ haj na maj kamenas Les."
Mark,6,4,"Ama o Isus phendǎs lenqe: — Sǎ ol manuśa den pakǐv le prooroćen, numaj ande lenqo foro, maśkar lenqo nǎmo haj ande lenqo kher na del pes lenqe pakǐv."
Mark,6,5,Haj o Isus na daśtilas te kerel nijekh bari buki kothe. Ama thodǎs Pesqe vasta numaj pe varesode nasfale haj sastǎrdǎs len.
Mark,6,6,Haj mirilas Pes ke ol manuśa na pakǎnas. Ol deśuduj ućenićǎ si bićhalde
Mark,6,7,"Atunći le deśudujen haj astardǎs te len duj po duj, dindoj len zor te inkalen bengen."
Mark,6,8,"Porunćisardǎs lenqe te na len pença p‑o drom khanći, numaj jekh rovli: nići manro, nići gonorro, nići love."
Mark,6,9,Te len ande penqe punre sandale haj te na phiraven pe penθe duj gada.
Mark,6,10,"Pala kodoja phendǎs lenqe: — Ande orso kher aresena, te beśen kothe ʒi kana ʒana tumenqe andar kodova gav."
Mark,6,11,"Haj kana ande varesavo gav ći primina tumen haj ći aśunena tumen, te ʒan tumenqe kothar haj te den tele o prafo de pe tumare punre, kaj te avel jekh semno kontra lenqi. ⌞⌞Ćaćes phenav tumenqe ke and‑o ges avela maj lokhes vaś e Sodoma haj e Gomora desar vaś kodova gav.⌟⌟"
Mark,6,12,Ol ućenićǎ gele penqe haj phenenas savorre manuśenqe te bolden pen k‑o Del.
Mark,6,13,"Inkalenas but benga, makhenas bute nasfalen ulejoça haj sastǎrenas len. Sar mulǎs o Joan o Bolitori"
Mark,6,14,"O thagar Irod aśundǎs ⌞pa o Isus⌟, ke Lesqo areslǎsas prinʒardo, haj phenelas: — ⌞Vov si⌟ o Joan o Bolitori kaj uśtilǎs andar ol mule haj anda kodoja daśtil te kerel kadala zorale bukǎ!"
Mark,6,15,"Aver phenenas ke Vov si o Ilie, haj aver, ke si jekh prooroko sar kodola maj purane."
Mark,6,16,"Ama o Irod, kana aśundǎs pa ⌞sǎ kadala bukǎ⌟, phenelas: — Vov si o Joan, kaj ćhindem lesqo śero, haj uśtilo andar ol mule!"
Mark,6,17,"Vaś ke o Irod ⌞soldacen⌟ te astaren le Joanos haj phanglǎs les and‑e temnica. O Irod kerdǎs kadala anda e Irodiada, savǎ lǎs la te avel lesqi rromni. Voj sasas maj anglal e ʒuvli le Filiposqi, lesqo ."
Mark,6,18,O Joan phenelas le Irodosqe: — Na‑i mukhlo pal‑e Leʒǎ te ʒives la ʒuvlǎça kire phralesqi.
Mark,6,19,"E Irodiada inkerelas xoli p‑o Joan haj kamelas te mudarel les, ama ći daśtilas,"
Mark,6,20,"vaś ke o Irod lesθar, ke ʒanelas ke si jekh manuś ćaćo haj sfïnto. Le Irodos sas les griźa lesθar haj, kana aśunelas les, na ʒanelas so te kerel, ama ćajlǒlas les but te aśunel lesθe."
Mark,6,21,"Ama avilǎs jekh ges laćho vaś e Irodiada. O Irod inkerelas pesqo ges haj dǎs xaben haj piben le maj barenqe, le śerenqe la armataqe haj le barenqe la Galileaqe."
Mark,6,22,E ćhejorri la Irodiadaqi avilǎs haj kheldǎs haj le Irodos plaćajlǎs les but haj vi kolavrenqe save sas kothe. O thagar phendǎs la ćhejorraqe: — Daśtis te manges manθar orso kames haj me dava tut!
Mark,6,23,"Pala kodoja solaxardǎs zorǎça: — Me dava tut orso, vi te manges jekh paś andar mirro !"
Mark,6,24,E ćhejorri inklistǎs haj phendǎs pesqe dajaqe: — So te mangav? Laqi daj dinǎs anglal: — O śero le Joanosqo o Bolitori!
Mark,6,25,"Voj naślǎs k‑o thagar haj manglǎs lesθar: — Kamav te des man akana, pe jekh tava, o śero le Joanosqo o Bolitori."
Mark,6,26,"O thagar sas but tristo, ama vaś ke solaxardǎsas angl‑ol manuśa, ći kamlǎs te uśtǎvel pesqi vorba."
Mark,6,27,"O thagar bićhaldǎs jekhe soldatos, porunkaça te anel o śero le Joanosqo. Kodo gelǎs, ćhindǎs o śero le Joanosqo and‑e temnica,"
Mark,6,28,"ingerdǎs les pe jekh tava, dǎs les la ćhejorraqe, haj e ćhejorri dǎs o śero pesqe dajaqe."
Mark,6,29,"Ol ućenićǎ le Joanosqe, kana aśunde kadaja buki, avile, line lesqo trupo haj thode les ande jekh . O jekhto butǎripen le manrenqo"
Mark,6,30,Ol kidine pen k‑o Isus haj phende Lesqe sǎ so kerdesas haj siklǎrdesas ⌞le manuśen⌟.
Mark,6,31,"O Isus phendǎs lenqe: — Aven‑ta numaj tume, ande jekh than bimanuśenqo, haj hodinin tumen jekh cïra! Ke sas but manuśa kaj avenas haj ʒanas penqe, haj len n‑as len vremǎ nići te xan."
Mark,6,32,Haj atunći gele numaj von la barkaça karing jekh than bimanuśenqo.
Mark,6,33,Ol manuśa dikhle len ʒandoj penqe haj prinʒarde len. Naśle andar savorre forurǎ haj aresle kothe anglal lenθe.
Mark,6,34,"Kana dinǎs Pes tele andar e barka, o Isus dikhlǎs bute manuśen haj kerdǎs Pesqe mila lenθar, vaś ke kadala sas sar niśte bakrǎ kaj na‑i len bakrǎri , haj astardǎs te siklǎrel len but bukǎ."
Mark,6,35,"Vaś ke perelas e rǎt, ol ućenićǎ avile Lesθe haj phende Lesqe: — Ande kadava than na‑i khanći haj avel e rǎt."
Mark,6,36,"De lenqo drom te ʒan penqe and‑ol gavorre haj and‑ol gava de paśal, kaj te kinen penqe vareso xamasqo! —"
Mark,6,37,Den len tume te xan! — phendǎs lenqe o Isus. Ama von pućhle Les: — Te ʒas amenqe te kinas manre de duj śela haj te das len te xan?
Mark,6,38,"Haj Vov pućhlǎs len: — Sode manre si tumen? Ʒan ta dikhen! Pala so dikhle sode si len, phende Lesqe: — Panʒ manre haj duj maćhe."
Mark,6,39,"Atunći o Isus porunćisardǎs te beśen tele savorre, kidine maj but manuśa ande jekh than, p‑e zeleno ćar."
Mark,6,40,Haj beśle tele kidine po jekh śel manuśa haj po panʒvardeś manuśa.
Mark,6,41,"Vov lǎs ol panʒ manre haj ol duj maćhe, vazdǎs Pesqe jakha karing o ćeri haj phendǎs e binekuvïntarǎ. Pala kodoja phaglǎs ol manre haj dǎs len le ućenićenqe, kaj kadala te den len le manuśenqe. Vi ol duj maćhe dinǎs len savorrenqe."
Mark,6,42,"Xale savorre haj ćajlile,"
Mark,6,43,haj kidine deśuduj kośurǎ pherde le kotorença kaj aćhile andar ol manre haj andar ol maćhe.
Mark,6,44,Sasas panʒ mii murśa kaj xalesas. O Isus phirel p‑o pani
Mark,6,45,", o Isus thodǎs Pesqe ućenićen te ʒan andre and‑e barka haj te nakhen anglal Lesθar p‑okojaver rig, karing e Betsaida, ʒi kana Vov phenel le manuśenqe te ʒan penqe."
Mark,6,46,"Pala so lǎs Pesqe laćho ges lenθar, gelǎs pesqe p‑o te mangel Pes."
Mark,6,47,"Kana rakilǎs, e barka sas and‑o maśkar le bare paněsqo, haj o Isus sas korkorro p‑o malo."
Mark,6,48,"Dikhlǎs le ućenićen save sas khine haj sas lenqe but phares te traden e barka, vaś ke e balval sas kontra lenqi. Maj anglal te gesǒl , avilǎs lenθe o Isus phirindoj p‑o baro pani. Vov kamlǎs te nakhel paśal lenθe."
Mark,6,49,"Kana dikhle Les phirindoj p‑o pani, pakǎjle ke si jekh ćoxano haj cipisajle,"
Mark,6,50,"vaś ke savorre dikhle Les haj . O Isus sigo dǎs duma: — Aven zorale, Me sem! Na daran!"
Mark,6,51,"Pala kodoja gelǎs lenθe and‑e barka, haj e balval na maj mardǎs. Von aćhile but mirime,"
Mark,6,52,"ke na xakǎrdesas ⌞e buki⌟ le manrença, vaś ke lenqe ile n‑as putarde te siklǒn ⌞andar kasave bare bukǎ.⌟ Sastǎrimata k‑o Genezaret"
Mark,6,53,"Pala so nakhle o pani, avile and‑o Genezaret haj cïrdine k‑o malo."
Mark,6,54,"Kana dine pen tele andar e barka, ol manuśa prinʒarde Les le Isusos,"
Mark,6,55,naśle pande sǎ o haj astarde te anen nasfalen p‑ol targe orkaj aśunelas pes ke si Vov.
Mark,6,56,"Orkaj ʒalas o Isus, and‑ol gava, and‑ol forurǎ vaj and‑ol gavorre, thonas le nasfalen and‑ol piece haj mangenas Les te mukhel len te azban barem Lesqo xurǎvipen. Haj savorre kaj azbanas Les sas sastǎrde."
Mark,7,1,Ol haj varesode la Leʒǎqe kaj avile andar o Jerusalim kidine pen paś‑o Isus.
Mark,7,2,"Von dikhle varesave ućenićen le Isusosqe xandoj le vastença , sar avelas bithovde."
Mark,7,3,"Ama ol farisea haj okolaver ći xan bi te thoven penqe vasta sar trebul, kadja sar kerenas penqe phure."
Mark,7,4,"Haj, kana aven andar e piaca, na xan ʒi kana na thoven pen. Haj von keren vi aver but bukǎ kaj siklile len penqe phurenθar, ⌞sar si⌟ te thoven ol kućǎ, ol vasoja paněsqe, ol pirǎ xarkumaqe haj ol skamina ."
Mark,7,5,"Kadja ke ol farisea haj ol siklǎrne la Leʒaqe pućhle le Isusos: — Sosθar na inkeren Kire ućenićǎ ol purane obićeja, haj xan biuźe vastença?"
Mark,7,6,"O Isus dinǎs lenqe anglal: — Laćhes prooroćisardǎs haj vi xramosardǎs o Isaja pa tumenθe, manuśalen duje mujença kaj sen: „Kadava poporo del Man pakǐv numaj le uśtença, ama lenqo ilo si dur Manθar!"
Mark,7,7,"Khanćesqe von angla Manθe, haj siklǎren numaj manuśikane porunke.”"
Mark,7,8,"Tume ći keren pala e porunka le Devlesqi haj inkeren e tradicia le manuśenqi, ⌞⌞sar si te thoven ol kućǎ haj ol paharǎ, haj keren but bukǎ sar kadala⌟⌟."
Mark,7,9,Haj maj phendǎs lenqe: — Śukar! Tume rimosarden e porunka le Devlesqi kaj te inkeren tumari tradicia!
Mark,7,10,Ke o Mojse phendǎs: „Te des pakǐv kire dades haj kire daja” haj „Kon del armaja pesqe dades vaj pesqe daja te avel mudardo.”
Mark,7,11,"Ama tume phenen ke jekh manuś daśtil te phenel pesqe dadesqe vaj pesqe dajaqe: „So daśtivas me te dav tumen, akana na maj daśtiv te dav tumen vaś ke phendem ke si korbano ” — kaj tradućil pes „si dino le Devlesqe”."
Mark,7,12,"— Haj kana phenel kadja, tume ći maj mukhen les te kerel khanći vaś pesqo dad vaj pesqi daj."
Mark,7,13,"Kadja den rigaθe o le Devlesqo tumare tradiciaça, savǎ den la maj dur vi avrenqe. Haj maj keren but kadalenθar! So maxril le manuśes"
Mark,7,14,O Isus le manuśen paśa Pesθe haj phendǎs: — Aśunen savorre Manθe haj xakǎren Man!
Mark,7,15,"Khanći andar so si avrǎl o manuś ći daśtil te les, kana ʒal ande lesθe. Ama so inklǒl andar o manuś, kodoja buki kerel les ."
Mark,7,16,"⌞⌞Kas si les kan te aśunel, te aśunel!⌟⌟"
Mark,7,17,"Pala so mukhlǎs le manuśen haj gelǎs and‑o kher, Lesqe ućenićǎ pućhle le Isusos pa kadaja pilda."
Mark,7,18,Vov phendǎs lenqe: — Nići tume na xakǎren? Na xakǎren ke khanći andar so ʒal and‑o manuś avrǎl ći daśtil te kerel les maxrime?
Mark,7,19,"Vaś ke na ʒal ande lesqo ilo, ama ʒal ande lesqo per haj pala kodoja inklǒl avri — Phendǎs ⌞kadja⌟ ke savorre xamata si uźe."
Mark,7,20,"Vov maj phendǎs lenqe: — So inklǒl andar o manuś, kodoja kerel les maxrime."
Mark,7,21,"Vaś ke andral, andar o ilo le manuśenqo inklǒn ol nasul bukǎ: si len nasul gïndurǎ, phiren banges bilaʒaimasqo, ćoren, mudaren manuśen,"
Mark,7,22,"soven avre ʒuvlǎça vaj murśeça, kamen maj but, keren nasul, xoxaven, keren so kamen bilaʒaimasqo, si len xoli pe jekh manuś kaj si les maj but, kuśen avren, den pen bare, keren bukǎ biśeresqo."
Mark,7,23,Savorre kadala nasulimata aven andral haj keren le manuśes maxrime. Jekh ʒuvli kaj na‑i evrejka pakǎl and‑o Isus
Mark,7,24,"O Isus gelotar haj areslǎs paś‑ol forurǎ Tir ⌞⌞haj Sidon⌟⌟ haj gelǎs ande jekh kher. Na kamlǎs te ʒanel khonik ⌞ke si kothe⌟, ama ći daśtisajlo te aćhel garavdo."
Mark,7,25,"Haj jekh ʒuvli jekhe ćhajorrǎça kaj sas la beng, aśundǎs Lesθar, avilǎs haj pelǎs ke Lesqe punre."
Mark,7,26,Kadaja ʒuvli sas greko haj biandili and‑e Siro‑Fenićia. Voj manglǎs Les te ankalavel o beng andar laqi ćhajorri.
Mark,7,27,"O Isus phendǎs laqe: — Mukh anglal te ćajlǒn ol ćhavorre, vaś ke na‑i miśto te les o manro le ćhavorrenqo haj te ćhudes les k‑ol ʒuklorre! —"
Mark,7,28,"Va, Raja — phendǎs Lesqe voj — ama vi ol ʒuklorre xan tal‑e sinia andar ol pruśuka le ćhavorrenθar!"
Mark,7,29,"Atunći o Isus phendǎs laqe: — Vaś kadala dume, ʒa tuqe! O beng inklistǎs andar kiri ćhajorri."
Mark,7,30,"Kana e ʒuvli gelǎs pesqe khere, arakhlǎs la ćhajorrǎ zinzardi pe laqo than, haj o beng inklistǎsas andar laθe. O Isus sastǎrel jekhe manuśes kaśuko"
Mark,7,31,"O Isus gelǎs palem andar o Tir haj avilǎs pand‑o Sidon karing o Pani la Galileaqo, and‑e reʒiunǎ Dekapole."
Mark,7,32,"Andine Lesθe jekhe kaśukes kaj ći daśtilas te del duma miśto, haj mangle Les te thol Pesqo vast pe lesθe."
Mark,7,33,"O Isus lǎs les rigaθe de maśkar ol manuśa, pala kodoja thodǎs Pesqe naja ande lesqe kana haj ćhungardǎs haj azbajlǎs lesqi ćhib ."
Mark,7,34,"Vazdinǎs Pesqe jakha karing o ćeri, cïrdǎs pesqo duho, haj phendǎs lesqe: — Effata — kaj si: „Putar tut!”"
Mark,7,35,"P‑o than lesqe kana putardile ⌞haj daśtisajlǎs te aśunel⌟, haj lesqi ćhib putardili haj daśtisajlǎs te del duma klaro."
Mark,7,36,"O Isus porunćisardǎs lenqe te na phenen khanikasqe, ama vi kana porunćisardǎs lenqe maj but, von vi maj but phenenas pa Lesθe."
Mark,7,37,"Von sas but mirime haj phenenas: — Sode de miśto kerel Vov savorre bukǎ! Vi le kaśuken kerel len te aśunen haj le manuśen kaj ći daśtin te den duma, te den duma!"
Mark,8,1,"Ande kodola gesa kidine pen palem but manuśa. Vaś ke n‑as len so te xan, o Isus Pesqe ućenićen Lesθe haj phendǎs lenqe: —"
Mark,8,2,"Si Manqe mila kadale manuśenθar, vaś ke von de trin gesa beśen paśa Manθe haj na‑i len so te xan."
Mark,8,3,"Te mukhav len te ʒan khere bokhale, perena tele p‑o drom, vaś ke varesave andar lenθe avile dural."
Mark,8,4,"Ol ućenićǎ phende Lesqe: — Sar daśtilas varekon te ćajlǎrel manreça savorre kadalen kathe, and‑o ? —"
Mark,8,5,Sode manre si tumen? — pućhlǎs len o Isus. — Efta — phende Lesqe von.
Mark,8,6,"Atunći porunćisardǎs le manuśenqe te beśen tele p‑e phuv, lilǎs kodola efta manre, naisardǎs vaś lenθe, phaglǎs len haj dǎs len Pesqe ućenićenqe te len, haj von xulavde len le manuśenqe."
Mark,8,7,"Maj sas len vi niśte maćhorre. Pala so binekuvintisardǎs len, porunćisardǎs le ućenićenqe te xulaven len vi kodolen."
Mark,8,8,Ol manuśa xale haj ćajlile haj kidine pen efta kośurǎ le kotorença kaj aćhile.
Mark,8,9,Sas kam śtar mii ⌞murśa⌟. Pala kodoja o Isus mukhlǎs le manuśen te ʒan penqe. E droźdia le fariseenqi
Mark,8,10,O Isus gelǎs and‑e barka khethanes Pesqe ućenićença haj avilǎs and‑e reʒiunǎ Dalmanuta.
Mark,8,11,"Ol avile haj astarde te xan pen Leça. Haj, kaś te thon Les k‑e proba, mangle Lesθar jekh semno andar o ćeri."
Mark,8,12,O Isus cïrdǎs Pesqo duho haj phendǎs: — Sosqe rodel kadaja ʒeneracia jekh semno? Ćaćes phenav tumenqe ke kadalenqe na dela pes lenqe nijekh semno!
Mark,8,13,"Pala kodoja mukhlǎs len, gelǎs Pesqe palem and‑e barka haj telǎrdǎs karing okoaver malo."
Mark,8,14,Ol ućenićǎ bistarde te anen manre. Lença and‑e barka sas len numaj jekh manro.
Mark,8,15,"O Isus siklǎrelas len, phenindoj: — Te durǒn katar e droźdia le fariseenqi haj katar e droźdia le Irodosqi!"
Mark,8,16,Ol ućenićǎ denas duma maśkar penθe ke na‑i len manre.
Mark,8,17,"Vaś ke ʒanelas kadaja buki, o Isus phendǎs lenqe: — Sosθar den duma maśkar tumenθe ke na‑i tumen manre? Sa na xakǎren haj sa na ʒanen? Manuśalen tumare śeresθar kaj sen!"
Mark,8,18,"Si tumen jakha, haj na dikhen? Si tumen kana, haj na aśunen? Haj na anen tumenqe gogǎθe khanći?"
Mark,8,19,"Kana phagerdem panʒ manre vaś kodola panʒ mii ⌞murśa⌟, sode kośurǎ pherde kotorença kaj aćhile kidinen tume? — Deśuduj — dine Lesqe von anglal. —"
Mark,8,20,"Haj kana phagerdem efta manre anda kodola śtar mii ⌞murśa⌟, sode kośurǎ pherde kotorença kaj aćhile kidinen tume? — Efta — dine Lesqe von anglal."
Mark,8,21,Haj Vov phendǎs lenqe: — Sa na xakǎren? Jekh koro si sastǎrdo k‑e Betsaida
Mark,8,22,"O Isus haj Lesqe ućenićǎ aresle k‑e Betsaida haj ol manuśa ande Lesθe jekh manuś koro, haj mangle Les te azbal les."
Mark,8,23,"O Isus lǎs les vastesθar haj ankalavdǎs les andar o gav, pala kodoja ćhungardǎs les p‑ol jakha, thodǎs Pesqe vasta opre lesθe haj pućhlǎs les: — Dikhes vareso?"
Mark,8,24,"Vazdindoj pesqe jakha, vov dinǎs Lesqe anglal: — Dikhav niśte manuśa sar niśte rukha, dikhav len phirindoj."
Mark,8,25,"Atunći o Isus thodǎs Pesqe vasta palem pe lesqe jakha, haj vov dikhlǎs bi te phandel pesqe jakha, sas sastǎrdo haj astardǎs te dikhel sǎ but miśto."
Mark,8,26,O Isus les khere haj phendǎs lesqe: — Te na ʒas and‑o gav ⌞⌞haj nići te na phenes varekasqe andar o gav⌟⌟! O Petru phenel ke o Isus si o Mesia
Mark,8,27,"O Isus haj Lesqe ućenićǎ gele karing ol gava de paś‑e Ćezarea le Filiposqi. P‑o drom, o Isus pućhlǎs le ućenićen: — Kon phenen ol manuśa ke sem Me?"
Mark,8,28,"Von dine Lesqe anglal: — O Joan o Bolitori; aver phenen, o Ilie; haj aver, jekh andar ol prooroćǎ."
Mark,8,29,Atunći Vov pućhlǎs len: — Ama tume kon phenen ke sem Me? O phendǎs Lesqe: — Tu san o !
Mark,8,30,O Isus porunćisardǎs lenqe zorǎça te na phenen khanikasqe kon si Vov. O Isus phenel pa Pesqo meripen haj pa Pesqo ʒivdǎripen
Mark,8,31,"Atunći o Isus astardǎs te siklǎrel len ke o trebul te nakhel andar but dukha, te avel dino rigaθe le phurenθar, le haj katar ol la Leʒǎqe, haj trebul te avel mudardo haj pala trin gesa ."
Mark,8,32,Phenelas lenqe kadala bukǎ bi te garavel vareso. Ama o lǎs Les rigaθe haj astardǎs te phenel Lesqe te na maj phenel kasave bukǎ.
Mark,8,33,"Ama o Isus boldinǎs Pes haj dikhlǎs karing ol ućenićǎ, mustrosardǎs le Petros haj phendǎs: — Te ʒas palal Manθe, Satano, vaś ke tu na des gogi k‑ol bukǎ le Devlesqe, ama k‑ol bukǎ le manuśenqe!"
Mark,8,34,"Haj pala kodoja le manuśen Pesqe ućenićença, phendǎs lenqe: — Kana varekon kamel te avel pala Manθe, te mukhel pes pesθar, te lel pesqo truśul haj te avel pala Manθe,"
Mark,8,35,"vaś ke kodova kaj kamela te inkerel pesqo les, ama kodova kaj xasarela pesqo anda Manθe haj anda e Laćhi Vestǎ inkerela les."
Mark,8,36,Haj so kerela jekh manuś saves si les sǎ e lumǎ haj xasarela pesqo ?
Mark,8,37,Vaj so daśtilas te del jekh manuś vaś pesqo gi?
Mark,8,38,"Vaś ke orkon laʒardǒla manθar haj Mirre , maśkar kadaja bipakǎmasqi haj bezexali ʒeneracia, laʒardǒla lesθar vi o Ćhavo le Manuśesqo kana avela la slavaça Pesqe Dadesqi, le ïnʒerença."
Mark,9,1,"⌞O Isus⌟ maj phendǎs lenqe: — Ćaćes phenav tumenqe, si kathe ʒene save na merena maj anglal te dikhen o le Devlesqo sar avel zorǎça. O Isus paruvdilǎs k‑o muj"
Mark,9,2,"Pala śov gesa, o Isus lilǎs rigaθe le Petros, le Jakovos haj le Joanos haj ingerdǎs numaj len pe jekh ućo. Haj ⌞kothe⌟ Vov paruvdilǎs k‑o muj angla lenθe,"
Mark,9,3,"haj Lesqe cale astarde te haj kerdile kadja de parne, sar khonik p‑e phuv n‑aśtil te kerel len."
Mark,9,4,"Haj sikavdile lenqe o Ilie haj o Mojse, save denas duma le Isusoça."
Mark,9,5,"O astardǎs te phenel le Isusosqe: — , so miśto si ke sam kathe! Te keras trin kolibe – jekh Tuqe, jekh le Mojsǎsqe haj jekh le Iliǎsqe."
Mark,9,6,"⌞O ćaćipen si⌟ ke na ʒanelas so te phenel, vaś ke ol ućenićǎ ."
Mark,9,7,"Haj avilǎs jekh noro haj lesqi pelǎs pe lenθe, haj de‑and‑o noro aśundilǎs jekh glaso ⌞savo phenelas⌟: — Kadava si Mirro Ćhavo saves jubiv Les but! Les te Les!"
Mark,9,8,"Haj ol ućenićǎ atunći ande penqo źuro, ama na maj dikhle khanikas avrǎl le Isusosθar, savo sas korkorro paśa lenθe."
Mark,9,9,"Kana denas pen tele de p‑o plaj, o Isus porunćisardǎs lenqe te na khanikasqe so dikhlesas. te mothon numaj pala so o de‑and‑ol mule."
Mark,9,10,"Haj von inkerde kadaja porunka, ama pućhenas pen jekh avres: — So si ke ʒivdǒla de‑and‑ol mule?"
Mark,9,11,⌞Pala kodoja⌟ ol ućenićǎ pućhle Les: — Sosθar ol la Leʒǎqe phenen ke maj anglal ⌞le ⌟ trebul te avel o Ilie?
Mark,9,12,"Haj Vov dinǎs lenqe anglal: — Si ćaćes, maj anglal avel o Ilie kaś te thol palem savorre bukǎ sar trebul. Haj sosθar si xramome ⌞and‑e Skriptura⌟ pa o Ćhavo le Manuśesqo ke trebul te nakhel pande but kinurǎ haj ke phenela pes ke na‑i laćho khanćesqe?"
Mark,9,13,"Ama phenav tumenqe Me ke o Ilie avilǎs aba, haj von kerde lesqe so kamle, pala sar si xramome pa lesθe ⌞and‑e Skriptura⌟. O Isus sastǎrdǎs jekhe ćhaves ande savesθe sas beng"
Mark,9,14,"Kana aresle ke ⌞okolaver⌟ ućenićǎ, dikhle bute manuśen rota paśa lenθe haj niśte la Leʒǎqe save xanas pen lença."
Mark,9,15,"Haj kana dikhle le Isusos, ol but manuśa sas mirime haj naśle te inklen angla Lesθe."
Mark,9,16,Atunći Vov pućhlǎs len: — Sosθar xanas tumen?
Mark,9,17,"Jekh andar ol but manuśa dinǎs Lesqe anglal: — Siklǎrnea, andem Tuθe mirre ćhaves. Ande lesθe si jekh beng kaj kerel les muto."
Mark,9,18,"Sakon var kana lel les, les phuvǎθe. Haj o ćhavo kerel spume k‑o muj, skrïśnil andar ol danda haj aćhel cepenime. Dinem duma Kire ućenićença te inkalen kadale benges, ama na daśtisarde."
Mark,9,19,"Atunći o Isus dinǎs anglal: — O, manuśalen kaj na‑i tumen pakǎpen! Ʒi kana trebul te ovav tumença? Ʒi kana trebul te räbdiv tumen? Anen les Manθe!"
Mark,9,20,"Haj ande les Lesθe. Kana o beng dikhlǎs le Isusos, ćak atunći izdravdǎs ⌞le ćhaves⌟. ⌞Kadava⌟ pelǎs phuvǎθe haj marelas pes sar o maćho haj kerelas spume k‑o muj."
Mark,9,21,Haj ⌞o Isus⌟ pućhlǎs le ⌞ćhavesqe⌟ dades: — De kana tïmplol pes leça kadja? Haj vov dinǎs anglal: — De kana sas tikno ćhavorro.
Mark,9,22,"Haj but var ⌞o beng⌟ ćhudinǎs les kana and‑e jag, kana and‑o pani, kaś te mudarel les. Ama, dake Tu daśtis te keres vareso, ker Tuqe mila amença haj aźutisar amen!"
Mark,9,23,"O Isus phendǎs lesqe: — ⌞Tu phenes: ⌟ dake daśtiv?! Vaś kodova kaj pakǎl, daśtil pes te oven kerde savorre bukǎ!"
Mark,9,24,Haj o dad le ćhavesqo cipisajlǎs: — Pakǎv! Ama aźutisar man te pakǎv maj but!
Mark,9,25,"Kana dikhlǎs o Isus ke ol but manuśa aven pe Lesθe naśindoj, phendǎs zorǎça le bengesqe: — Porunćiv tuqe, bengana mucimasqo haj kaśukimasqo: inkle avri haj na maj tut ande lesθe!"
Mark,9,26,"Haj ⌞o beng⌟ cipisajlǎs haj izdravdǎs le ćhaves zorales, haj pala koja inklistǎs. O ćhavo aćhilǎs sar mulo, kadja ke but ʒene phenenas ke mulǎs."
Mark,9,27,Ama o Isus lilǎs les vastesθar haj vazdinǎs les. Haj vov uśtilǎs ande punrenθe.
Mark,9,28,"Haj pala so o Isus gelǎs and‑o kher, Lesqe ućenićǎ lile Les rigaθe haj pućhle Les: — Sosqe ame na daśtisardǎm te inkalas les?"
Mark,9,29,Vov phendǎs lenqe: — Kasavo ⌞beng⌟ inklel avri numaj dake rugin tumen ⌞k‑o Del⌟ ⌞⌞haj inkeren posto⌟⌟. O Isus phenel e dujto var ke merela haj ʒivdǒla
Mark,9,30,"O Isus haj Lesqe ućenićǎ telǎrde de kothar haj nakhle pand‑e Galilea. Ama o Isus na kamelas te ʒanel vrojekh ke nakhelas kothar,"
Mark,9,31,"vaś ke siklǎrelas numaj Pesqe ućenićen. Haj phenelas le ućenićenqe: — O ovela dino and‑ol vasta le manuśenqe. Haj von mudarena Les, ama and‑o trinto ges pala so mudarena Les, Vov ."
Mark,9,32,Ama von na xakǎrenas kadala dume haj te pućhen Les. Kon si maj opre?
Mark,9,33,"Pala koja aresle k‑o Kapernaum. Haj kana sas andre and‑o kher, o Isus pućhlǎs le ućenićen: — Pa sosθe xanas tumen p‑o drom?"
Mark,9,34,"Ama von aćhenas andar o muj, vaś ke p‑o drom xalesas pen pa savo si maj opre ⌞andar lenθe⌟."
Mark,9,35,"Atunći o Isus beślǎs tele, le deśudujen haj phendǎs lenqe: — Dake varekon kamel te ovel maj opre okolavrenθar, trebul te ovel maj tele savorrenθar haj te sluźil len."
Mark,9,36,Haj lilǎs jekhe ćhavorres haj thodǎs les ande lenqo maśkar. Pala koja lilǎs les ande Pesqi angali haj phendǎs lenqe: —
Mark,9,37,"Orkon primil ande Mirro jekhe ćhavorres, Man primil Man. Haj kon primil Man, na primil ⌞numaj⌟ Man, ta ⌞primil vi⌟ Kodoles savo Man. Inkerel amença kon na‑i kontra amari"
Mark,9,38,"O Joan phendǎs le Isusosqe: — , ame dikhlǎm jekhe manuśes savo inkalelas bengen ande Kiro . Haj oprisardǎm les, vaś ke na lelas pes pala amenθe."
Mark,9,39,"⌞Ama⌟ o Isus phendǎs lesqe: — Na oprin les, vaś ke khonik na daśtila te del duma nasul pa Manθe pala so kerdǎs jekh bari buki ande Mirro Anav."
Mark,9,40,Inkerel amença kon na‑i kontra amari.
Mark,9,41,"Ćaćes phenav tumenqe: ćaćes lela pesqi pokin orkon dela tumen ande Mirro Anav jekh pani kaś te pen, vaś ke sen le ⌞ućenićǎ⌟. Ferin tumen katar o bezex!"
Mark,9,42,Ama vaj le manuśesθar savo kerela te perel and‑o vrojekh de‑ande kadala tiknorre save pakǎn ande Manθe! Ovela maj miśto kole manuśesqe dake ovela phanglo ke lesqi korr jekh barr baro katar o asǎv haj ovela ćhudino and‑o baro pani.
Mark,9,43,"Haj dake kiro vast kerel tut te peres and‑o bezex, ćhin les tuθar! Si maj miśto te ovel tut numaj jekh vast haj te ʒives bi te meres, desar te ovel tut ol duj vasta haj te areses and‑e geena, and‑e jag e bimudardi,"
Mark,9,44,⌞⌞ kaj ol kerme ⌞save xan⌟ len na oprin pen haj e jag na mudardǒl .⌟⌟
Mark,9,45,"Haj dake kiro punro kerel tut te peres and‑o bezex, ćhin les tuθar! Si maj miśto te ovel tut numaj jekh punro ⌞haj⌟ te ʒives bi te meres, desar te ovel tut ol duj punre haj te oves ćhudino and‑e geena, ⌞⌞and‑e jag e bimudardi,⌟⌟"
Mark,9,46,⌞⌞ kaj ol kerme ⌞save xan⌟ len na oprin pen haj e jag na mudardǒl ⌟⌟.
Mark,9,47,"Haj dake kiri jakh kerel tut te peres and‑o bezex, inkal la! Si maj miśto te ovel tut numaj jekh jakh ⌞haj⌟ te ʒas and‑o le Devlesqo, desar te ovel tut ol duj jakha haj te oves ćhudino and‑e geena ⌞⌞jagaqi⌟⌟,"
Mark,9,48,kaj ol kerme ⌞save xan⌟ len na oprin pen haj e jag na mudardǒl.
Mark,9,49,Vaś ke sakon ⌞manuś⌟ ovela uźǎrdo jagaça ⌞⌞kadja sar sakon źertfa ovela londǎrdi loneça.⌟⌟
Mark,9,50,"O lon si laćho. Ama dake o londipen inklel andar lesθe, soça laćharena tume o lon kaś te ovel palem londo? Te oven laćhe sar o lon haj te trajin ande paćǎ jekh avreça!"
Mark,10,1,"⌞Pala koja⌟ o Isus telǎrdǎs de kothar haj avilǎs and‑e reʒiunǎ la ⌞haj⌟ intǎl o ⌞pani⌟ Jordan. ⌞Othe⌟ ol but manuśa palem kidine pen ⌞rota paśa⌟ Lesθe. Haj Vov, pala sar kerelas sakon var, astardǎs palem te siklǎrel ⌞le manuśen⌟."
Mark,10,2,"Avile Lesθe niśte . Haj, kaś te thon Les k‑e proba, pućhle Les dake le rromes si les voja te mukhel pes pesqe rromnǎθar."
Mark,10,3,Haj Vov dinǎs lenqe anglal: — So porunćisardǎs tumenqe o Mojse?
Mark,10,4,Von phende: — O Mojse dinǎs voja ⌞le rromes⌟ te ⌞la rromnǎqe⌟ jekh lil mukhlimasqo haj te del la avri.
Mark,10,5,O Isus phendǎs lenqe: — O Mojse xramosardǎs tumenqe kadaja porunka vaś ke tumenqe sas prǎ phares te aśunen le Devlesθar.
Mark,10,6,"Ama, de kana kerdǎs o Del sǎ e lumǎ, „Vov kerdǎs len murś haj ʒuvli.”"
Mark,10,7,"„Vaś koja, o murś mukhela pesqe dades haj pesqe deja haj ovela unime lesqe ʒuvlǎça"
Mark,10,8,"haj ol duj ʒene ovena jekh trupo.” Kadja ke ći maj si duj ʒene, ta si jekh trupo."
Mark,10,9,Deć te na deskerel o manuś so phanglǎs o Del !
Mark,10,10,⌞Ama⌟ andre and‑o kher ol ućenićǎ pućhle Les ⌞vi von⌟ pa kadaja buki.
Mark,10,11,"Haj Vov phendǎs lenqe: — Dake varekon mukhela pes pesqe rromnǎθar haj avre ʒuvlǎça, vov ."
Mark,10,12,"Haj dake ⌞jekh rromni⌟ mukhela pes pesqe rromesθar haj prandila pes avre murśeça, voj prǎkurvila. O Isus binekuvintil le ćhavorren"
Mark,10,13,"Niśte manuśa ande penqe ćhavorren k‑o Isus, kaś te thol Pesqe vasta opral lenθe. Ama ol ućenićǎ mustrosarde len ⌞ke ande len⌟."
Mark,10,14,"O Isus xolǎjlǎs kana dikhlǎs kadaja buki haj phendǎs lenqe: — Mukhen le ćhavorren te aven Manθe! Haj na oprin len, anda ke o le Devlesqo si vaś kola save si sar ol ćhavorre!"
Mark,10,15,"Ćaćes phenav tumenqe, jekh manuś trebul te primil le Devles sar Thagar, sar jekh ćhavorro primil Les, aver felo na ʒala ande Lesqo Thagaripen!"
Mark,10,16,"Pala koja lilǎs le ćhavorren ande Pesqi angali, thodǎs Pesqe vasta opral lenθe haj binekuvintisardǎs len. O Isus haj o barvalo manuś"
Mark,10,17,"Kana o Isus sas gata te telǎrel dromesθe, naślǎs karing Lesθe jekh manuś, savo angla Lesθe haj pućhlǎs Les: — Laćhe ! So te kerav kaś te ʒivav bi te merav?"
Mark,10,18,"O Isus phendǎs lesqe: — Sosθar phenes ke sem laćho? Numaj jekh si laćho – o Del. Avrǎl Lesθar, khonik na‑i laćho."
Mark,10,19,Ʒanes ol porunke: „Te na mudares! Te na ! Te na ćores! Te na thos marturia xoxavni!” Te na ⌞khanikas⌟! „De pakǐv kire dades haj kire deja!”
Mark,10,20,"⌞Ama⌟ vov phendǎs Lesqe: — Siklǎrnea, inkerdem sǎ kadala porunke de kana semas terno."
Mark,10,21,"Haj o Isus dikhlǎs lesθe haj kodova sas Lesqe drago. Haj phendǎs lesqe ⌞o Isus⌟: — Maj trebul tut jekh buki: Ʒa, bikin sǎ so si tut haj de ol love le ćorrorrenqe haj ovela tut barvalipen and‑o ćeri. Pala koja av, ⌞⌞le kiro truśul⌟⌟ haj le tut pala Manθe!"
Mark,10,22,"Haj kodova manuś tristosajlǎs kana aśundǎs kadala dume haj telǎrdǎs dukhavdo, vaś ke sas zorales barvalo."
Mark,10,23,Atunći o Isus dikhlǎs rota haj phendǎs Pesqe ućenićenqe: — Si but phares te ʒan ol barvale and‑o le Devlesqo!
Mark,10,24,"Ol ućenićǎ sas mirime Lesqe dumenθar. Ama o Isus phendǎs lenqe palem: — Ćhavalen, si but phares te ʒan and‑o Thagaripen le Devlesqo ⌞⌞kola save bazin pen p‑ol barvalimata⌟⌟!"
Mark,10,25,Si maj lokhes te nakhel e kämila pand‑o kan la suvǎqo desar te ʒal o barvalo and‑o Thagaripen le Devlesqo.
Mark,10,26,Ol ućenićǎ sas vi maj mirime haj phenenas jekh avresqe: — Atunći ovela xastravdo vrojekh?
Mark,10,27,"O Isus dikhlǎs vorta lenθe haj phendǎs lenqe: — ⌞Va, ama⌟ ol manuśa na daśtin te xastraven pen, ta o Del daśtil te xastravel len. Vaś ke o Del daśtil te kerel savorre ⌞bukǎ⌟. Sar te ʒivas bi te meras"
Mark,10,28,"O lilǎs te phenel Lesqe: — Dikh, ame mukhlǎm sǎ haj lilǎm amen pala Tuθe."
Mark,10,29,"O Isus phendǎs: — Mukhlǎs varekon kher vaj vaj phenǎn vaj deja vaj dades vaj rromnǎ vaj ćhavorren vaj kïmpurǎ, vaś Manqe haj vaś e Laćhi Vestǎ? Ćaćes phenav tumenqe,"
Mark,10,30,"kodova primil akana, ande kadaja vremǎ, śelvar maj but, khera, phralen, phenǎn, dejan, ćhavorren haj kïmpurǎ, ama vi prigonire. Haj, and‑e vremǎ savi avela, primila o bimerimasqo."
Mark,10,31,"But ʒene save si opre ovena tele, haj but ʒene save si tele ovena opre. O Isus phenel e trinto var ke merela haj ʒivdǒla"
Mark,10,32,"O Isus, Lesqe ućenićǎ haj but manuśa sas p‑o drom haj ʒanas opre k‑o Jerusalim. O Isus ʒalas angla lenθe. Ol ućenićǎ sas mirime ⌞ke Vov ʒal and‑o Jerusalim⌟, haj okolavren save ʒanas pala Lesθe lilǎs len e . O Isus palem lilǎs rigaθe le deśudujen haj astardǎs te del lenqe duma pa so tïmplola Leça: —"
Mark,10,33,"Ita, ame ʒas opre k‑o Jerusalim haj o ovela dino and‑ol vasta le bare haj le la Leʒǎqe, haj von kondamnina Les k‑o meripen haj dena Les and‑ol vasta le nejudeenqe."
Mark,10,34,"Kola asana penqe Lesθar, ćhungardena Les, marena Les haj mudarena Les. Ama pala trin gesa Vov . So mangen le Isusosθar ol ćhave le Zevedejosqe"
Mark,10,35,"⌞Atunći⌟ avile k‑o Isus ol ćhave le Zevedejosqe — o Jakov haj o Joan — haj phende Lesqe: — , kamas te keres amenqe so mangasa Tuθar."
Mark,10,36,Vov phendǎs lenqe: — So kamen te kerav tumenqe?
Mark,10,37,Von phende Lesqe: — De amen te beśas paśa Tuθe ⌞kana ovesa Thagar⌟ Kire barimaça! Jekh ande Kiri ćaći rig haj jekh ande Kiri stïngo rig!
Mark,10,38,Ama o Isus dinǎs lenqe anglal: — Na ʒanen so mangen! Daśtin tume te pien o paharo saves piav les Me vaj te oven sar ovava boldo Me?
Mark,10,39,"Von phende Lesqe: — Daśtisaras! Haj o Isus dinǎs lenqe anglal: — ⌞Va⌟, piena o paharo ⌞pherdo kerkimaça⌟ saves piav les Me haj ovena bolde ⌞and‑ol dukha⌟ sar ovava boldo Me."
Mark,10,40,"Ama na daśtiv Me te dav te beśel varekon ande Mirri ćaći rig vaj ande Mirri stïngo rig, ta o Del dela kasqe alosardǎs Vov."
Mark,10,41,"Aśunindoj so mangle, okolaver deś ućenićǎ astarde te xolǎven p‑o Jakov haj p‑o Joan."
Mark,10,42,"O Isus Pesθe le ućenićen haj phendǎs lenqe: — Tume ʒanen ke kola save si dikhle thagara maśkar ol nejudea si bimilaqe, haj ol maj bare de‑ande lenθe inkeren le manuśen tala penqi stäpïnirǎ."
Mark,10,43,"Ama maśkar tumenθe te na avel kadja! Ta kon kamel te ovel maj baro maśkar tumenθe, kodova trebul te ovel sar tumaro sluźitori!"
Mark,10,44,"Haj kon kamel te ovel maj opre andar tumenθe, kodova trebula te ovel sar tumaro robo!"
Mark,10,45,"Vaś ke nići o na avilǎs kaś te ovel sluźime, ta avilǎs kaś te sluźil Vov haj te del Pesqo te pokinel kaś te aven skäpime but manuśa. O korro Bartimew"
Mark,10,46,"Haj aresle k‑o Jerihon. Haj kana o Isus telǎrelas andar o Jerihon, Pesqe ućenićença haj zorales bute manuśença, paś‑o drom beśelas tele ⌞⌞haj mangelas pesqe⌟⌟ jekh manglitori korro — o Bartimew, le Timewosqo ćhavo."
Mark,10,47,"Kana aśundǎs vov ke si o Isus andar o Nazaret, astardǎs te cipil kadja: — Isusona, Ćhavea le Davidosqo, te‑ovel Tut mila manθar!"
Mark,10,48,"But ʒene phenenas lesqe te aćhel andar o muj. Ama vov cipilas vi maj zorales: — Ćhavea le Davidosqo, te‑ovel Tut mila manθar!"
Mark,10,49,"O Isus aćhilǎs p‑o than haj phendǎs: — les! Haj akharde le korres haj phende lesqe: — Na ! Uśti, vaś ke akharel tut!"
Mark,10,50,"Haj o korro ćhudinǎs e mantia de pe pesθe, ande punrenθe haj avilǎs k‑o Isus."
Mark,10,51,"Atunći o Isus pućhlǎs les: — So kames te kerav tuqe? O korro dinǎs Lesqe anglal: — , ker te dikhav palem!"
Mark,10,52,"Haj o Isus phendǎs lesqe: — te ʒas — vaś ke pakǎjlǎn, sastilǎn! Ćak atunći o korro astardǎs te dikhel haj gelǎs pal‑o Isus p‑o drom."
Mark,11,1,"Kana avile paś‑o Jerusalim ⌞haj aresle⌟ k‑e Betfaga haj k‑e Betania, paś‑o le Mäslinenqo, o Isus anglal dujen de‑ande Pesqe ućenićǎ."
Mark,11,2,"Haj phendǎs lenqe: — Ʒan ande kadava gav savo si angla tumenθe! Sar aresen ande lesθe, arakhena jekhe xerorres phanglo, pe savo na inklistǎs nijekh manuś ʒi akana. Putaren les haj anen les Manθe!"
Mark,11,3,"Dake varekon pućhela tumen: „Sosqe keren kadaja buki?”, te den lesqe anglal: „Trebul le Rajes, ama bićhalela les parpale kathe.”"
Mark,11,4,"⌞Atunći⌟ ol ućenićǎ gele haj arakhle le xerorres phanglo paśa jekh porta, avri p‑o drom, haj putarde les."
Mark,11,5,"De‑ande kola save beśenas othe, varesode ʒene pućhle len: — So keren? Sosqe putaren le xerorres?"
Mark,11,6,Haj von dine lenqe anglal sar phendǎsas lenqe o Isus. Haj kadala dine len voja.
Mark,11,7,⌞Pala koja⌟ ande le xerorres k‑o Isus haj thode penqe gada pe lesθe. Haj o Isus inklistǎs pe lesθe.
Mark,11,8,"But ʒene thonas p‑o drom penqe cale, haj aver thonas ⌞palmierosqe⌟, saven ćhindesas len de p‑ol kïmpurǎ."
Mark,11,9,Kola save ʒanas anglal haj kola save ʒanas pala o Isus cipinas: — ! Binekuvintime si Kodova Kaj avel and‑o le Rajesqo!
Mark,11,10,"Binekuvintime si o kaj avel, o Thagaripen amare anglune dadesqo, le Davidosqo! Osana and‑ol ćerǎ!"
Mark,11,11,"O Isus areslǎs k‑o Jerusalim haj gelǎs k‑o . Dikhlǎs ke savorre ⌞bukǎ⌟, rota paśa Pesθe. Ama vaś ke kerdǒlas aba rǎt, gelǎs k‑e Betania le deśudujença. O smokino dino armaja"
Mark,11,12,"And‑o ges kaj avilǎs, kana telǎrenas von andar e Betania, o Isus bokhajlǎs."
Mark,11,13,"Haj dikhlǎs de dural jekh smokino saves sas les patrina. Haj gelǎs othe ⌞te dikhel⌟ dake arakhela vareso pe lesθe. Ama, kana areslǎs lesθe, arakhlǎs numaj patrina pe lesθe, vaś ke n‑as e vremǎ le smokinenqi."
Mark,11,14,Atunći phendǎs karing o smokino: — te na maj xal khonik rodo de‑ande tuθe! Haj Lesqe ućenićǎ aśunde ⌞kadala dume⌟. O Isus uźǎrel o Templo
Mark,11,15,⌞Pala koja⌟ aresle k‑o Jerusalim. O Isus gelǎs and‑e bar le haj astardǎs te inkalel avri kolen kaj bikinenas haj kinenas kothe. Boldinǎs ol meselǎ kolenqe kaj paruvenas love haj ol skamina kolenqe kaj bikinenas .
Mark,11,16,Haj na mukhelas khanikas te nakhel vrojekhe bukǎça pand‑e bar le Templosqi.
Mark,11,17,⌞Atunći⌟ Vov siklǎrelas ⌞le manuśen⌟ haj phenelas lenqe: — Vare na‑i xramome and‑e Skriptura: „Mirro Kher bućhola kher rugimasqo vaś savorre poporǎ”?
Mark,11,18,"Haj aśunde Les ol bare le haj ol la Leʒǎqe. Haj gïndinas pen sar te mudaren Les. Ama Lesθar, vaś ke savorre manuśa sas mirime Lesqe siklǎrimasθar."
Mark,11,19,"Haj kana kerdilǎs rǎt, o Isus haj Lesqe ućenićǎ telǎrde andar o foro. E zor le pakǎmasqi"
Mark,11,20,"Detexara, kana nakhle paśa o smokino, ol ućenićǎ dikhle ke śukilǎs katar ol redećine."
Mark,11,21,"O andǎs pesqe gogi ⌞so phendǎsas o Isus⌟ haj phendǎs ⌞le Isusosqe⌟: — , dikh ke śukilǎs o smokino saves dinǎn les armaja!"
Mark,11,22,O Isus dinǎs anglal: — Avel tumen pakǎpen and‑o Del!
Mark,11,23,"Ćaćes phenav tumenqe, dake varekon phenela kadale bare plajesqe: „Vazde tut haj ćhude tut and‑o baro pani!” haj kodova pakǎla andar savorro ilo haj pakǎla ke kerdǒla so phenel vov, atunći kerdǒla lesqe ⌞sar phenel vov⌟."
Mark,11,24,"Vaś koja phenav tumenqe ke kana rugin tumen vaś orso buki, te pakǎn ke vi primisarden la, haj dela pes tumenqe."
Mark,11,25,"Haj kana beśen te rugin tumen, te jertin orso si tumen varekaça, anda ke vi tumaro Dad, kaj si and‑o ćeri, te jertil tumare ."
Mark,11,26,"⌞⌞Ama dake tume na jertin, nići tumaro Dad, kaj si and‑o ćeri, na jertila tumare bezexa.⌟⌟ Katar avel e zor le Isusosqi?"
Mark,11,27,"⌞Pala koja⌟ gele palem and‑o Jerusalim. Haj kana ⌞o Isus⌟ sas and‑e bar le , avile Lesθe ol bare , ol la Leʒǎqe haj ol phure ⌞le poporosqe⌟."
Mark,11,28,Haj pućhle Les: — Save zorǎça keres Tu kadala bukǎ? Kon dinǎs Tut kadava drepto kaś te keres len?
Mark,11,29,"⌞Ama⌟ o Isus dinǎs lenqe anglal: — Pućhav tumen vi me numaj jekh buki. Den Manqe anglal, haj ⌞vi Me⌟ phenava tumenqe save zorǎça kerav savorre kadala bukǎ."
Mark,11,30,Kon le Joanos o Bolitori te bolel: o Del vaj ol manuśa? Den Manqe anglal!
Mark,11,31,"Haj von denas duma maśkar penθe: — Dake phenasa Lesqe: „O Del”, Vov phenela amenqe: „Atunći sosθar na pakǎjlen le Joanos?”"
Mark,11,32,"Haj dake phenasa Lesqe: „Ol manuśa”... Ol raśaja haj ol siklǎrne la Leʒǎqe le bute manuśenθar, vaś ke savorre pakǎnas ke o Joan sas ćaćes jekh prooroko."
Mark,11,33,Kadja ke dine anglal le Isusosqe: — Na ʒanas! Atunći o Isus phendǎs lenqe: — Nići Me na phenav tumenqe save zorǎça kerav kadala bukǎ!
Mark,12,1,"O Isus astardǎs te del lenqe duma ande pilde. — Jekh manuś thodǎs jekh rez. Kerdǎs jekh bar rota paśa laθe, xunavdǎs and‑e stïnka jekh bari xïv kaj te keren o musto haj vazdinǎs jekh turno pazaqo. Pala koja dinǎs la te keren ande laθe buki niśte manuśa, haj vov gelotar kheral."
Mark,12,2,"Kana avilǎs e vremǎ le kidimasqi, jekhe robos k‑ol manuśa kaj kerenas buki, kaś te primil lenθar de‑and‑ol drakha."
Mark,12,3,"Ama ol manuśa thode o vast pe lesθe, marde les haj bićhalde les palpale nange vastença."
Mark,12,4,O bićhaldǎs lenθe avre robos. Haj von pharavde lesqo śero haj asajle lesθar.
Mark,12,5,"Bićhaldǎs avres, ama koles mudarde les. Pala koja maj bićhaldǎs avre bute ʒenen. Jekhen marde len, haj okolavren mudarde len."
Mark,12,6,Numaj jekh ʒeno aćhilǎs lesqe — jekh ćhavo saves jubilas les but. Bićhaldǎs lenθe vi koles le palunes. Vov phenelas pesqe: „⌞Primina⌟ pakǐvaça mirre ćhaves!”
Mark,12,7,"Ama kodola manuśa phende penqe jekh avresqe: „Kadava si o mośtenitori. Aven te mudaras les, haj e mośtenirǎ ovela amari!”"
Mark,12,8,"Thode o vast pe lesθe, mudarde les haj inkalde les avri de‑and‑e rez."
Mark,12,9,"Haj akana so kerela o xulaj la rezaqo? Avela haj mudarela le bukǎrnen, haj dela avrenqe e rez."
Mark,12,10,"Vare na ćitisarden and‑e Skriptura kadala ⌞dume⌟: „O barr savo sas ćhudino le zidarenθar, kadava areslǎs o maj importanto barr le kheresqo."
Mark,12,11,O Raj kerdǎs kadaja buki haj si jekh bari buki angla amare jakha.”
Mark,12,12,"Ol bare le phirenas te Les, vaś ke ʒanenas ke pa lenθe phendǎs ande kadaja pilda. Ama le bute manuśenθar. Kadja ke mukhle Les haj geletar. E taksa vaś o ćezaro"
Mark,12,13,"Pala koja ol bare le Lesθe varesode ʒenen de‑and‑ol haj de‑and‑ol irodienǎ , kaś te astaren Les ke phenel vareso greśime ⌞te daśtin te dośaren Les⌟."
Mark,12,14,"Haj ⌞kadala⌟ avile haj phende Lesqe: — , ʒanas ke phenes o ćaćipen haj ke na inkeres konto khanikasθar, vaś ke orso manuś si sa kadja angla Tuθe, ta ćaćes siklǎres le manuśen pa o Drom le Devlesqo. Si voja pal‑e Leʒǎ le Mojsǎsqi te das taksa k‑o vaj na?"
Mark,12,15,"Te das la vaj te na das la? Ama o Isus ʒanglǎs ke von phenen jekh, ama kamen aver, haj phendǎs lenqe: — Sosθar thon Man k‑e proba? Anen Manqe jekh lovo, te dikhav les!"
Mark,12,16,Haj von ande Lesqe. O Isus pućhlǎs len: — Kasqo kipo haj kasqo si pe lesθe? Haj von dine Lesqe anglal: — Le Ćezarosqo!
Mark,12,17,"Atunći o Isus phendǎs lenqe: — Den le Ćezaros so si le Ćezarosqo, haj den le Devles so si le Devlesqo! Haj von sas zorales mirime Lesθar. Pa o ʒivdǎripen de‑and‑ol mule"
Mark,12,18,"Pala koja avile k‑o Isus niśte , save phenen ke ol manuśa na de‑and‑ol mule. Haj pućhle Les: —"
Mark,12,19,", o Mojse mukhlǎs amenqe xramome kadja: „Dake varekasqo merel, haj pala lesθe aćhel e rromni, ama na aćhel nijekh ćhavorro, atunći o phral le mulesqo te prandel pes la haj te kerel laça jekhe ćhavorres vaś pesqo mulo phral.”"
Mark,12,20,"⌞Dikh⌟, sas efta phrala. O maj baro lǎs pesqe rromnǎ. Ama, kana mulǎs, na aćhilǎs nijekh ćhavorro pala lesθe."
Mark,12,21,O dujto prandisajlǎs la phivlǎça. Ama vi vov mulǎs haj na aćhilǎs nijekh ćhavorro pala lesθe. Sa kadja kerdǎs vi o trinto.
Mark,12,22,"Haj pala nijekhesθe de‑and‑ol efta phrala na aćhilǎs nijekh ćhavorro. Haj pala so mule ol phrala, mulǎs vi e ʒuvli."
Mark,12,23,"Kana ʒivdǒna ol manuśa de‑and‑ol mule, kasqi rromni ovela voj? Vaś ke sǎ ol efta sas prandime laça."
Mark,12,24,"O Isus phendǎs lenqe: — tume, vaś ke na ʒanen e Skriptura haj e zor le Devlesqi."
Mark,12,25,"Vaś ke kana ʒivdǒna ol manuśa de‑and‑ol mule, na prandina pen, ta ovena sar ol ïnʒerǎ de‑and‑o ćeri."
Mark,12,26,"Haj pa o le mulenqo, na ćitisarden nijekh var and‑o Lil le Mojsǎsqo pa o tufiśo savo phabolas? Othe o Del dinǎs duma le Mojsǎsqe: „ Me sem o Del le Avraamosqo, o Del le Isaakosqo haj o Del le Jakovosqo! ”"
Mark,12,27,"O Del na‑i jekh Del le mulenqo, ta si le ʒivdenqo! Zorales xasardǒn tume! E maj bari porunka"
Mark,12,28,"Jekh andar ol la Leʒǎqe aśundǎs so dine duma von. Kana dikhlǎs ke o Isus dinǎs anglal miśto le , paśilǎs haj pućhlǎs Les: — Savi si e maj bari de‑ande sǎ ol porunke?"
Mark,12,29,"O Isus dinǎs lesqe anglal: — E maj bari si kadaja: „Aśun, Israelona! Si numaj jekh Raj – o Raj savo si amaro Del!"
Mark,12,30,"Jubisar le Rajes, kire Devles, savorre ileça, savorre duhoça, savorre gogǎça haj savorre zorǎça! ” ⌞⌞Kadaja si e maj bari porunka!⌟⌟"
Mark,12,31,Haj e dujto ⌞bari porunka⌟ si kadaja: „ Te jubis kire paśutnes sar jubis tut tut! ” Na‑i aver porunka maj bari desar kadala!
Mark,12,32,"Atunći o siklǎrno la Leʒǎqo phendǎs Lesqe: — Miśto, Siklǎrnea! Si ćaćes so phendǎn, si numaj jekh Del haj na‑i aver avrǎl Lesθar ."
Mark,12,33,"Haj ke te jubis le Devles savorre ileça, savorre gogǎça haj savorre zorǎça haj ke te jubis avre manuśen sar jubis tut tut si maj but desar sǎ ol phabarimata animalenqe ⌞vaś o Del⌟ haj desar sǎ ⌞okolaver⌟ źertfe."
Mark,12,34,O Isus dikhlǎs ke dinǎs anglal gogǎça haj phendǎs lesqe: — Tu na san dur le Devlesqe Thagarimasθar. Haj khonik na maj tromajlǎs te pućhel Les vareso. Kasqo ćhavo si o Hristos?
Mark,12,35,"Kana siklǎrelas le manuśen and‑e bar le , o Isus pućhlǎs: — Sosθar ol la Leʒǎqe phenen ke o si o Ćhavo le Davidosqo?"
Mark,12,36,"Haj vi o David, pherdo Duho, phendǎs: „O Raj ⌞o Del⌟ phendǎs mirre Rajesqe: ‘Beś ke Mirri ćaći rig haj thava Kire duśmanen tala Kire punre!’”"
Mark,12,37,"Ćak o David phenel pa o Hristos ke si lesqo Raj. Ama sar te ovel o Hristos vi lesqo ćhavo, le Davidosqo? Haj ol but manuśa aśunenas k‑o Isus haj ćajlǒlas len ⌞te aśunen Les⌟. Ferin tumen kolenθar kaj siklǎren jekh haj keren aver!"
Mark,12,38,"Kana siklǎrelas le manuśen, o Isus maj phenelas lenqe: — Ferin tumen le la Leʒǎqe! Len plaćal len te phiren xurǎvde ande gada lungo haj te den len ges laćho ol manuśa and‑e piaca."
Mark,12,39,Plaćal len te beśen p‑ol anglune skamina and‑ol haj and‑o śero la meselǎqo kaj si .
Mark,12,40,Ama von xan ol khera le haj rugin pen but kaś te dikhen len ol manuśa. Kadala ovena pedepsime maj zorales ⌞desar aver manuśa⌟. E ćorrorri phivli
Mark,12,41,O Isus beśelas tele haj dikhelas k‑ol but manuśa sar thon love ande jekh kutia kaj kidenas pen ol love ⌞vaś o ⌟. Haj but ʒene save sas barvale thonas but love.
Mark,12,42,"Haj avilǎs vi jekh ćorrorri haj thodǎs duj andar ol maj xurde lovorre , save kerenas jekh lovorro bronzosqo."
Mark,12,43,"O Isus Pesqe ućenićen haj phendǎs lenqe: — Ćaćes phenav tumenqe: kadaja phivli ćorrorri thodǎs maj but desar savorre kaj thode and‑e kutia le lovenqi,"
Mark,12,44,"vaś ke savorre thode numaj de‑ande so na trebulas len, ama voj, de‑ande pesqo ćorrorripen, thodǎs sǎ so sas la, sǎ so maj aćhilǎsas la te ʒivel."
Mark,13,1,"Kana inklelas Vov andar o , jekh andar Lesqe ućenićǎ phendǎs Lesqe: — , dikh so bare barra haj so śukar sas kerdo lença ⌞o Templo⌟!"
Mark,13,2,O Isus phendǎs lesqe: — Dikhes kadala bare zidurǎ? Na maj aćhela kathe barr p‑o barr! Sǎ ol barra avena !
Mark,13,3,"Pala koja beśelas tele p‑o le Mäslinenqo, intǎl o Templo. O , o Jakov, o Joan haj o Andrej pućhle Les rigaθe: —"
Mark,13,4,"Phen amenqe, kana tïmplola pes kadaja buki? Haj savo avela o semno kana kadaja buki si gata te tïmplol pes?"
Mark,13,5,Atunći o Isus maj phendǎs lenqe: — Len sama te na tumen vrojekh!
Mark,13,6,Vaś ke but ʒene avena haj phenena ke aven ande Mirro than haj phenena ke von si o . Haj xoxavena bute manuśen.
Mark,13,7,"Te na kana aśunena pa marimata save si paśe haj pa marimata save si maj dur, vaś ke kadja trebul te avel. Ama ïnkë na avela o agor."
Mark,13,8,"Poporǎ haj thagarimata astarena te maren pen jekh avreça. Ande but thana izdravdǒla e phuv, avena bokhalimata ⌞⌞haj revolte⌟⌟. Kadalença astaren ol dukha, sar kana e ʒuvli."
Mark,13,9,"Len sama pe tumenθe! Andar Mirri kauza tume avena ingerde k‑e haj avena marde and‑ol , haj avena ingerde angl‑ol guvernatorǎ haj angl‑ol thagara, kaś te phenen lenqe pa Manθe."
Mark,13,10,"Maj anglal ⌞te avel o agor⌟, trebul te phenel pes e Laćhi Vestǎ savorre poporenqe."
Mark,13,11,"Kana tume avena haj ingerde k‑e kris, te na keren tumenqe griźa so phenena lenqe! Phenen so avela dino tumenqe atunći ⌞de opral⌟! Vaś ke na dena duma tume, ta o Duho dela duma ⌞pande tumenθe⌟."
Mark,13,12,O dela pesqe phrales te ovel mudardo haj o dad pesqe ćhaves. Ol ćhave haj ol ćheja uśtena kontra penqe dadesqi haj kontra penqe dejaqi haj dena len te aven mudarde.
Mark,13,13,"Savorre duśmanina tumen andar Mirri kauza, ama avela xastravdo kon aćhela ʒi k‑o agor. Len sama!"
Mark,13,14,Varekana dikhena „e ʒungali buki kaj pustiil” ke si kothe kaj ći trebul. (Kon drabarel te xakǎrel so phenel pes!) Atunći kodola de‑and‑e te naśen k‑ol !
Mark,13,15,Kon si opre p‑o kher te naśel bi te ʒal and‑o kher kaś te lel pesqe vareso andral!
Mark,13,16,Haj kon si p‑o kïmpo te naśel bi te nakhel kheral kaś te lel pesqi mantia!
Mark,13,17,Vaj le ʒuvlǎnθar kaj si khamnǎ haj kolenθar kaj den ćući ande kodola gesa ⌞phare⌟!
Mark,13,18,Rugin tumen te na tïmplon pen ivende kadala bukǎ!
Mark,13,19,"Vaś ke ande kodola gesa avela jekh nekazo kadja baro , sar na maj sas de kana si e lumǎ kaj kerdǎs la o Del ʒi akana! Haj nići na maj avela vrojekhvar!"
Mark,13,20,"Haj dake o Raj na kerela te aven maj cïra kodola gesa, savorre manuśa merena. Ama anda ol manuśa save si alosarde Lesθar, Vov kerela te aven maj cïra kadala phare gesa."
Mark,13,21,"Haj dake varekon phenela tumenqe atunći: „Ita, o Hristos si kathe!” vaj „Ita, si kothe!”, te na pakǎn les!"
Mark,13,22,"Vaś ke avena hristosǎ xoxamne haj prooroćǎ xoxamne. Von kerena semnurǎ haj bare bukǎ kaś te vi kodole manuśen kaj si alosarde, dake daśtila pes."
Mark,13,23,Ama tume len sama! Phendem tumenqe akana sǎ ol bukǎ save avena! O Ćhavo le Manuśesqo avela palem
Mark,13,24,"Ama ande kodola gesa, pala kodova nekazo baro, o kham kerdǒla kalo, o na maj dela pesqi ,"
Mark,13,25,ol ćerxaja perena de p‑o ćeri haj ol zora kaj si and‑ol ćerǎ avena izdravde.
Mark,13,26,Pala koja ol manuśa dikhena le sar avel p‑ol norǎ bare zorǎça haj slavaça.
Mark,13,27,"Haj atunći Vov le ïnʒeren kaś te kiden Lesqe alosarde manuśen de‑ande sǎ ol riga la phuvǎqe, de‑ande savorre thana la phuvǎqe kaj si tal‑o ćeri."
Mark,13,28,"Dikhen k‑o smokino: Kana lesqe si kovle haj keren patrina, ʒanen ke o milaj si paśe."
Mark,13,29,"Sa kadja, kana tume dikhena ke tïmplon pen kadala bukǎ, te ʒanen ke o Ćhavo le Manuśesqo si paśe, si ćak angl‑o udar."
Mark,13,30,Ćaćes phenav tumenqe ke na nakhela kadaja ʒeneracia anglal te tïmplon pen kadala bukǎ.
Mark,13,31,"O ćeri haj e phuv na maj avena, ama Mirre dume aćhena. Na soven!"
Mark,13,32,"Ama ⌞kana avela⌟ kodova ges vaj kodova ćaso na ʒanel khonik. Na ʒanen nići ol ïnʒerǎ andar o ćeri, na ʒanel nići o Ćhavo, ta numaj o Dad ʒanel."
Mark,13,33,"Len sama, na soven ⌞⌞haj rugin tumen⌟⌟, vaś ke na ʒanen kana avela kodoja vremǎ!"
Mark,13,34,Avela sar atunći kana jekh manuś telǎrel ande aver . Mukhel pesqo kher haj thol pesqe roburen te dikhen le kheresθar. Phenel fiesavesqe so buki te kerel haj porunćil kolesqe kaj pazil k‑e porta te na sovel.
Mark,13,35,"Kadja ke na soven, vaś ke na ʒanen kana avela o manuś le kheresqo: vaj e rǎt, vaj k‑o maśkar la rǎtǎqo, vaj pal‑o maśkar la rǎtǎqo , vaj anglal te gesǒl."
Mark,13,36,Te na arakhel tumen ke soven dake avel kana na aźukeren les!
Mark,13,37,"So phenav tumenqe, phenav savorrenqe: Na soven!"
Mark,14,1,"Maj sas duj gesa ʒi k‑e haj ol . Ol bare haj ol la Leʒǎqe gïndinas pen sar te ⌞le Isusos⌟ kaś te mudaren Les, bi te ʒanen ol manuśa."
Mark,14,2,"Vaś ke phenenas penqe: — Te na ⌞xutilas Les⌟ kana si ol bare gesa, kaś te na astaren jekh revolta ol but manuśa. Jekh ʒuvli thol miro p‑o śero le Isusosqo"
Mark,14,3,"O Isus sas and‑e Betania haj beśelas te xal khere k‑o kaj sasas leproso. Atunći avilǎs jekh ʒuvli kaj sas la jekh vaso de‑and‑o alabastro , ⌞siʒilime⌟. Ande lesθe sas miro but kuć, kerdo andar nardo uźo. Phaglǎs e korr le vasosqi haj ćhordǎs ⌞o miro⌟ p‑o śero le Isusosqo."
Mark,14,4,Ama varesave ʒene xolǎjle ⌞⌞haj phenenas⌟⌟ jekh avresqe: — Vaś sosqe kadava miro?
Mark,14,5,bikinasas kadava miro pe maj but de trin śela . Haj śaj dasas ⌞ol love⌟ le ćorrorre manuśenqe kaj na‑i len. Haj mustronas la ʒuvlǎ.
Mark,14,6,Ama o Isus phendǎs lenqe: — Mukhen la ⌞ande paćǎ⌟! Sosθar nekäźin la? So kerdǎs voj Manqe si jekh buki śukar.
Mark,14,7,Vaś ke si ćorrorre maśkar tumenθe sǎ e vremǎ. Haj orkana kamen tume śaj keren lenqe laćhipen. Ama Me na sem tumença sǎ e vremǎ.
Mark,14,8,Voj kerdǎs so daśtisardǎs: maj de anglal makhlǎs Mirro trupo vaś o .
Mark,14,9,"Ćaćes phenav tumenqe, orkaj phenela pes ⌞⌞kadaja⌟⌟ Laćhi Vestǎ, ande savorri lumǎ, phenela pes vi so kerdǎs kadaja ʒuvli, kaś te na avel bistardi. O Juda kerel plano te bikinel le Isusos"
Mark,14,10,"O Juda o Iskariotǎno, jekh andar ol deśuduj ⌞ućenićǎ⌟, gelǎs k‑ol bare kaś te bikinel ⌞le Isusos⌟."
Mark,14,11,Haj von lośajle kana aśunde ⌞kadaja buki⌟ haj promisisarde lesqe ke dena les love. Haj vov aźukerelas jekh okazia laćhi te del Les ande lenqe vasta. O Isus inkerel e Patragǐ
Mark,14,12,"And‑o jekhto ges andar ol , kana ćhinenas la bakrorres, ol ućenićǎ le Isusosqe pućhle Les: — Kaj kames te ʒas ame te keras Tuqe la Patragǎqi ćina?"
Mark,14,13,Haj Vov dujen de‑ande Pesqe ućenićǎ haj phendǎs lenqe: — Ʒan and‑o Jerusalim haj inklela angla tumenθe jekh manuś kaj ingerel jekh piri pani. Ʒan pala lesθe.
Mark,14,14,"Haj othe kaj intrila, te phenen le manuśesqe kaj beśel kothe: „Pućhel tut amaro Siklǎritori: Kaj si e kamera vaś Manqe, kaj xava la Patragǎqi ćina Mirre ućenićença?”"
Mark,14,15,"Haj o manuś kaj beśel kothe sikavela tumenqe k‑o etaźo jekh kamera bari, gata laćhardi. Kothe te keren vaś amenqe la Patragǎqi ćina."
Mark,14,16,⌞Pala koja⌟ ol ⌞duj⌟ ućenićǎ telǎrde haj gele and‑o foro. Othe arakhle ⌞sǎ⌟ sar phendǎs lenqe o Isus. Haj kerde la Patragǎqi ćina.
Mark,14,17,Kana pelǎs e rǎt ⌞o Isus⌟ avilǎs le deśuduje ućenićença.
Mark,14,18,"Kana sas k‑e meseli haj xanas, o Isus phendǎs lenqe: — Ćaćes phenav tumenqe ke jekh andar tumenθe bikinela Man: jekh kaj xal Mança ⌞akana⌟."
Mark,14,19,Von tristosajle haj phenenas Lesqe jekh pala avresθe: — Na ⌞sem⌟ me ⌞kodova⌟! Na‑i kadja?
Mark,14,20,"Vov phendǎs lenqe: — Si jekh de‑ande tume, de‑and‑ol deśuduj, savo Mança ⌞manro⌟ and‑o ćaro."
Mark,14,21,"O trebul te merel, kadja sar si xramome pa Lesθe ⌞and‑e Skriptura⌟. Ama vaj si anda kodova manuś kaj bikinela Les! Maj miśto avelas anda kodova manuś dake na biandǒlas! E ćina le Rajesqi"
Mark,14,22,"Kana xanas, ⌞o Isus⌟ lilǎs jekh manro haj, pala so binekuvintisardǎs le Devles vaś lesqe, phaglǎs les haj dinǎs les lenqe haj phendǎs: — Len, ⌞⌞xan: ⌟⌟ kadava si Mirro trupo!"
Mark,14,23,"Pala koja lilǎs jekh paharo haj, pala so naisardǎs ⌞le Devlesqe⌟, dinǎs les lenqe haj savorre pile andar lesθe."
Mark,14,24,"Haj phendǎs lenqe: — Kadava si Mirro rat kaj ćhordǒl vaś but manuśa, ⌞o rat⌟ le ⌞⌞Neve⌟⌟ Phanglimasqo."
Mark,14,25,Ćaćes phenav tumenqe: ⌞De akana⌟ na maj piava mol ʒi ande ⌞kodova⌟ ges kana piava mol nevi and‑o le Devlesqo. O Isus phenel ke o Petru phenela trin var ke na prinʒarel Les
Mark,14,26,"Pala so gilabade ol psalmǎ, gele avri, karing o le Mäslinenqo."
Mark,14,27,O Isus phendǎs lenqe: — ⌞⌞Ande kadaja rǎt⌟⌟ tume savorre naśena haj mukhena Man korkorro. Vaś ke si xramome ⌞and‑e Skriptura⌟: Marava le Pastores haj ol bakre naśena ande savorre riga.
Mark,14,28,"Ama, pala so Me uśtǎva andar ol mule, ʒava maj anglal tumenθar and‑e Galilea ⌞te aźukerav tumen⌟."
Mark,14,29,"Atunći o phendǎs Lesqe: — Vi dake savorre naśena haj mukhena Tut korkorro, me na ⌞kerava kadja⌟!"
Mark,14,30,"Haj o Isus phendǎs lesqe: — Ćaćes phenav tuqe ke ćak ande kaja rǎt, maj anglal te gilabel o duj var, tu phenesa trin var ke na prinʒares Man."
Mark,14,31,"Ama ⌞o Petru⌟ phendǎs Lesqe vi maj zorales: — Vi dake trebula te merav Tuça, me na phenava ke na prinʒarav Tut. Haj sa kadja phenenas savorre ⌞ućenićǎ⌟. O Isus rugil Pes and‑e bar Gecimani"
Mark,14,32,⌞Pala koja⌟ gele ande jekh than kaj bućholas Gecimani. Haj ⌞othe⌟ o Isus phendǎs Pesqe ućenićenqe: — Beśen tele kathe sode timpo rugiva Man!
Mark,14,33,"Haj lilǎs rigaθe le Petros, le Jakovos haj le Joanos haj astardǎs te lel Les e haj te tristol Pes."
Mark,14,34,Haj phendǎs lenqe: — Mo ilo si phaglo tristomasθar. Aćhen kathe bi te soven!
Mark,14,35,"Haj gelǎs jekh cïra maj dur. Othe thodǎs Pes mujeça k‑e phuv haj rugilas Pes te na nakhel ⌞pand‑ol kinurǎ⌟, dake daśtil pes."
Mark,14,36,"Vov phenelas: — Avva (Dade)! Tu daśtis te keres sǎ. Le Manθar kadava paharo ⌞pherdo kinurǎ⌟! Ama te na kerdǒl sar kamav Me, ta te kerdǒl sar kames Tu!"
Mark,14,37,"Haj avilǎs parpale ⌞k‑ol ućenićǎ⌟ haj arakhlǎs len sovindoj. Haj phendǎs le Petrosqe: — , soves? Nići makar jekh ćaso na daśtisardǎn te beśes bi te soves?"
Mark,14,38,"Na soven ama rugin tumen, kaś te na peren and‑ol ! O manuś kamel but, ama lesqo trupo na daśtil ⌞korkorro⌟."
Mark,14,39,Pala koja gelǎs palem haj rugisajlǎs haj ⌞and‑e ruga⌟ phenelas sa kola dume.
Mark,14,40,"Pala koja palem avilǎs parpale haj arakhlǎs len sovindoj, vaś ke lenqe jakha lindraθar. Haj von na ʒanenas so te phenen Lesqe."
Mark,14,41,E trinto var avilǎs haj phendǎs lenqe: — Soven de akanara haj hodinin tumen! sas! Avilǎs e vremǎ! Dikh ke o si dino and‑ol vasta le bezexalenqe.
Mark,14,42,"Uśten, te ʒas! Dikh, kodova kaj bikindǎs Man si paśe! Xutilen le Isusos"
Mark,14,43,"Kana Vov ïnkë delas duma, avilǎs o Juda, jekh de‑and‑ol deśuduj. Leça avile but manuśa sabiença haj rovlǎnça, ⌞ ⌟ le bare , le la Leʒǎqe haj le phurenθar."
Mark,14,44,O bikinitori thodǎsas lença jekh semno. Phendǎsas lenqe: — Si Kodova saves ćumidava Les. Te Les haj te ingeren Les pazime!
Mark,14,45,"Haj sar areslǎs o Juda, ito paśilǎs le Isusosθar haj phendǎs Lesqe: — ! — haj ćumidinǎs Les."
Mark,14,46,Atunći von thode o vast p‑o Isus haj xutilde Les.
Mark,14,47,"Jekh de‑ande kola ⌞ućenićǎ⌟ save sas kothe, inkaldǎs pesqi sabia haj ćhindǎs o kan le sluźitoresqo le ."
Mark,14,48,"O Isus phendǎs le bute manuśenqe: — Kaś te xutilen Man, avilen sabiença haj rovlǎnça, sar pala jekh bandito."
Mark,14,49,"Sakon ges semas maśkar tumenθe k‑o haj siklǎravas ⌞le manuśen⌟, haj na xutilden Man. Ama ⌞kaja trebulas te avel⌟ kaś te kerel pes so si xramome ⌞pa Manθe⌟ and‑e Skriptura."
Mark,14,50,Atunći savorre ⌞ućenićǎ⌟ mukhle le Isusos korkorro haj naśle.
Mark,14,51,"Pande lenθe sas jekh terno savo ʒalas pal‑o Isus. Pe lesqo trupo sas numaj jekh baro kotor inosqo. Ol manuśa thode o vast pe lesθe,"
Mark,14,52,ama vov mukhlǎs o kotor haj naślǎs nango. O Sinedrio kondamnil le Isusos
Mark,14,53,"Haj le Isusos ingerde Les k‑o . Othe kidine pen sǎ ol bare , ol phure haj ol la Leʒǎqe."
Mark,14,54,O gelǎs vi vov maj palal haj beślǎs pala Lesθe ʒi andre and‑e bar le maj bare raśajesqi. Haj thodǎs pes tele paś‑ol paznićǎ haj tatǎrelas pes k‑e jag.
Mark,14,55,"Ol bare raśaja haj savorre de‑and‑o rodenas varekas te del marturia kontra le Isusosqi, kaś te kondamnin Les k‑o meripen. Ama na arakhenas,"
Mark,14,56,"vaś ke but ʒene thonas marturia xoxamni kontra Lesqi, ama so phenelas jekh na phenelas vi aver."
Mark,14,57,Atunći uśtile ande punrenθe niśte ʒene save thode kadaja marturia xoxamni kontra Lesqi: —
Mark,14,58,Ame aśundǎm kadale manuśes kana phendǎs: „Me kadava kerdo le manuśenθar haj pala trin gesa vazdava avres savo na avela kerdo le manuśenθar.”
Mark,14,59,Ama nići akana so phenelas jekh na phenelas vi aver.
Mark,14,60,Atunći o maj baro raśaj uśtilǎs ande punrenθe and‑o maśkar ⌞le Sinedriosqo⌟ haj pućhlǎs le Isusos: — Na phenes khanći? So phenen pa Tuθe kadala manuśa?
Mark,14,61,"Ama Vov aćhelas andar o muj haj na phenelas khanći. O maj baro raśaj maj pućhlǎs Les: — Tu san o , o Ćhavo le Binekuvintime Devlesqo?"
Mark,14,62,O Isus phendǎs lesqe: — Me sem. Haj tume dikhena le sar beśel k‑e ćaći rig le Zorale Devlesqi haj sar avela p‑ol norǎ le ćerosqe.
Mark,14,63,Atunći o maj baro raśaj ćhindǎs ol cale de pe pesθe haj phendǎs: — Vaś sosqe maj trebun amen marturǎ?
Mark,14,64,Aśunden sar lel le Devles and‑o asapen. So pakǎn? Haj savorre phende ke si dośalo haj ke trebul te ovel mudardo.
Mark,14,65,"Haj niśte ʒene astarde te ćhungarden Les haj te Lesqe jakha haj te maren Les le dumukhença. Haj phenenas Lesqe: — ⌞Dake san⌟ prooroko, phen ⌞kon mardǎs Tut⌟! Haj ⌞pala koja⌟ ol paznićǎ lile Les haj marde Les. O Petru phenel ke na prinʒarel le Isusos"
Mark,14,66,"Kana o beśelas tele and‑e bar, avilǎs jekh de‑and‑ol sluźnike le ."
Mark,14,67,"Kana dikhlǎs le Petros sar tatǎrel pes ⌞k‑e jag⌟, kodoja privisardǎs vorta lesθe haj phendǎs lesqe: — Vi tu sanas le Isusoça andar o Nazaret!"
Mark,14,68,"Vov phendǎs ke na. Phenelas: — Na ʒanav so kames te phenes, ni na xakǎrav! Pala koja vov gelǎs de‑and‑e bar karing e porta. Haj ⌞atunći⌟ gilabadǎs o ."
Mark,14,69,E sluźnika palem dikhlǎs le Petros haj phendǎs kolenqe save beśenas othe: — Kadava si jekh de‑ande kola manuśa!
Mark,14,70,"Haj vov palem phendǎs ke na. Pala jekh cïra vremǎ, kola save beśenas othe palem phende le Petrosqe: — San ćaćes jekh de‑ande Lesqe ućenićǎ, vaś ke vi tu san andar e Galilea ⌞⌞haj des duma sar lenθe⌟⌟."
Mark,14,71,"Atunći vov astardǎs te del pes armaja haj te solaxarel: — Na prinʒarav kadale manuśes, pa savo phenen tume!"
Mark,14,72,"Haj ćak atunći o baśno gilabadǎs e dujto var. Haj o Petru andǎs pesqe gogi so phendǎsas lesqe o Isus: „Maj anglal te gilabel o baśno duj var, tu phenesa trin var ke na prinʒares Man.” Haj astardǎs te rovel."
Mark,15,1,"Haj detexara, anglal te inklel o kham, ol bare , ol phure, ol la Leʒǎqe haj savorre de‑and‑o dine duma, phangle le Isusos, ingerde Les k‑o haj dine Les ande lesqe vasta."
Mark,15,2,Haj o Pilat pućhlǎs Les: — Tu san o thagar le ? O Isus dinǎs lesqe anglal: — Sar tu phenes!
Mark,15,3,Ol bare raśaja dośarenas le Isusos bute bukǎnça.
Mark,15,4,Haj o Pilat maj pućhlǎs Les: — Na des lenqe anglal? Dikh sode bukǎnça dośaren Tut von!
Mark,15,5,"Ama o Isus na maj dinǎs anglal, kadja ke o Pilat sas mirime. O Isus si kondamnime k‑o meripen"
Mark,15,6,"Sakon Baro Ges Patragǎqo, o delas drom jekhe vaś ol manuśa, kodoles kaj mangenas les von lesθar."
Mark,15,7,And‑e temnica sas jekh ʒeno kaj bućholas . Vov haj niśte ʒene sas phandavde vaś ke mudardesas manuśes kana kerdesas jekh revolta.
Mark,15,8,Haj ol but manuśa gele k‑o Pilat haj astarde te mangen lesθar te kerel sar kerelas sakon vaś lenqe.
Mark,15,9,O Pilat dinǎs lenqe anglal: — Kamen te dav drom vaś tumenqe le „thagares le ”?
Mark,15,10,Phendǎs kadja anda ke ʒanelas ke ol bare dinesas Les ande lesqo vast vaś ke sas len invidia p‑o Isus.
Mark,15,11,"Ama ol bare raśaja kerde le bute manuśen te mangen te del drom le Barabas, ⌞na le Isusos⌟."
Mark,15,12,"Palem pućhlǎs len o Pilat: — Haj so kamen te kerav Koleça, savesqe tume phenen Lesqe o thagar le ?"
Mark,15,13,Haj palem von cipisajle: — Tho Les p‑o truśul! —
Mark,15,14,Ama so nasulipen kerdǎs? — pućhlǎs len o Pilat. Ama von astarde te cipin vi maj zorales: — Tho Les p‑o truśul!
Mark,15,15,"O Pilat kamlǎs te kerel sar kamenas ol but manuśa haj dinǎs drom le Barabas vaś lenqe. Haj thodǎs te maren le Isusos le bićoça, haj pala koja dinǎs Les te avel mardo karfença p‑o truśul. Ol soldacǎ prasan le Isusos"
Mark,15,16,Ol soldacǎ ingerde le Isusos and‑e bar le palatosqi le guvernatoresqo haj kidine savorre soldacen de‑ande penqi ćǎta.
Mark,15,17,"Xurǎvde Les ⌞sar jekhe thagares⌟ ande jekh mantia loli, kerde jekh korona kanrenqi haj thode la pe Lesqo śero."
Mark,15,18,"Haj astarde te phenen Lesqe: — Te trajis, „thagara le ”!"
Mark,15,19,Haj marenas Les and‑o śero jekhe trestiaça haj ćhungardenas Les haj angla Lesθe.
Mark,15,20,"Pala so marde penqe źoko Lesθar, lile de pe Lesθe e loli mantia haj xurǎvde Les ande Lesqe gada. Pala koja ingerde Les avri kaś te maren Les karfença p‑o truśul. O Isus si mardo karfença p‑o truśul"
Mark,15,21,⌞P‑o drom⌟ nakhelas jekh manuś savo avelas katar o kïmpo. Vov bućholas de‑and‑e Ćirena haj sas o dad le Aleksandrosqo haj le Rufosqo. Ol soldacǎ thode les zorǎça te ingerel o truśul le Isusosqo.
Mark,15,22,"Haj ingerde le Isusos and‑o than savo bućhol , kaj tradućil pes „Ol Kokala le Śeresqe”."
Mark,15,23,"Haj dine Les te piel mol smirnaça, ama Vov na pilǎs."
Mark,15,24,Marde Les karfença p‑o truśul. Haj pala koja maśkar penθe Lesqe gada haj dine zaroça kaś te dikhen kon so te lel.
Mark,15,25,Sas o ćaso enǎ detexara kana marde Les karfença p‑o truśul.
Mark,15,26,Maj opre de Lesqo śero sas xramome Lesqi doś: „O THAGAR LE JUDEENQO”
Mark,15,27,"Haj paśa Lesθe marde karfença p‑o truśul duje bandituren, jekhes ande Lesqi ćaći rig haj jekhes ande Lesqi stïngo rig."
Mark,15,28,"⌞⌞Kadja kerdilǎs so si xramome and‑e Skriptura, kaj phenel: „Phiravenas pen Leça sar jekhe manuśeça bileʒǎqo.” ⌟⌟ Ol manuśa save nakhen othar len and‑o asapen le Isusos"
Mark,15,29,"Haj ol manuśa save nakhenas othar asanas Lesθar – denas andar o śero haj phenenas: — Huo! Tu, kaj o haj pala trin gesa vazdes les palem,"
Mark,15,30,xastrav Tut! De Tut tele de p‑o truśul!
Mark,15,31,"Vi ol bare haj ol la Leʒǎqe marenas penqe źoko Lesθar haj phenenas maśkar penθe: — Vov xastravdǎs avren, ama te xastravel Pes na daśtil!"
Mark,15,32,"„O ” ⌞Kadava⌟, „o Thagar le Israelosqo”, te del Pes tele akana de p‑o truśul, kaś te dikhas haj te pakǎs! Vi kodola kaj sas marde karfença p‑o truśul paśa Lesθe marenas penqe źoko Lesθar. O Isus merel"
Mark,15,33,"Haj kana avilǎs o , mukhlǎs pes o pe sǎ e phuv ʒi k‑o ćaso trin pal‑o mesmeri ."
Mark,15,34,"Haj k‑o trinto ćaso o Isus cipisajlǎs zorale glasoça: — Eloi, Eloi, lema sabahtani? —, kaj tradućil pes „Mirro Del, Mirro Del, sosθar mukhlǎn Man?”"
Mark,15,35,"Kana aśunde Les, varesave ʒene de‑ande kola save sas kothe, phende: — Ita, le Iliǎs!"
Mark,15,36,Jekh de‑ande lenθe naślǎs te pherel jekh bureto śukle molǎça. Pala koja thodǎs les ande jekh trestia haj dinǎs le Isusos te piel haj phendǎs: — Aćhen te dikhas dake avela o Ilie te del Les tele de p‑o truśul!
Mark,15,37,Ama o Isus cipisajlǎs zorales haj dinǎs Pesqo duho.
Mark,15,38,Atunći e perdǎwa de‑and‑o ćhindilǎs ande dujenθe de opre ʒi tele.
Mark,15,39,O sutaśo savo sas angl‑o Isus dikhlǎs sar dinǎs Pesqo duho haj phendǎs: — Si ćaćes ke kadava manuś sas o Ćhavo le Devlesqo!
Mark,15,40,"Sas othe vi niśte ʒuvlǎ save dikhenas de dural. Pande lenθe sas e Maria Magdalena, e Maria – e dej le terne Jakovosqi haj le Josesqi – haj e Salomea."
Mark,15,41,Von ʒanas pal‑o Isus haj sluźinas Lesqe kana sas Vov and‑e Galilea. Sas othe vi but aver ʒuvlǎ save avilesas Leça k‑o Jerusalim. Sar praxosarde le Isusos
Mark,15,42,"Kana mukhelas pes e rǎt, vaś ke sas paraśtujne, anglal te avel o Sabato,"
Mark,15,43,"o Josif de‑and‑e Arimatea gelǎs andre k‑o haj tromajlǎs te mangel lesθar o trupo le Isusosqo. O Josif sas jekh ʒeno miśto dikhlo de‑and‑o , savo aźukerelas vi vov te avel o le Devlesqo."
Mark,15,44,O Pilat mirisajlǎs ke o Isus mulǎsas kadja de . le sutaśos haj pućhlǎs les dake deźa mulǎs.
Mark,15,45,"Pala so aśundǎs katar o sutaśo ke si kadja, o Pilat dinǎs voja le Josifos te lel Lesqo trupo."
Mark,15,46,"Haj ⌞⌞o Josif⌟⌟ kindǎs jekh baro kotor inosqo haj dinǎs tele de p‑o truśul o trupo le Isusosqo. les and‑o kotor haj thodǎs les ande jekh kamera praxomasqi, savi sas xunavdi and‑e stïnka. Pala koja spidinǎs jekh barr baro p‑e intrarǎ."
Mark,15,47,"E Maria Magdalena haj e Maria, le Josesqi dej, dikhenas kaj thonas o trupo le Isusosqo."
Mark,16,1,"Pala so nakhlǎs o ges le Sabatosqo, e Maria Magdalena, e Maria — le Jakovosqi dej — haj e Salomea kinde uleja parfumime kaś te ʒan te makhen le Isusosqo trupo."
Mark,16,2,"And‑o jekhto ges de‑and‑o kurko, ⌞kurke⌟, zorales detexara, kana inklelas o kham, gele ke Lesqo ."
Mark,16,3,Ol ʒuvlǎ phenenas jekh avrǎqe: — Kon spidela vaś amenqe o baro barr de p‑e intrarǎ and‑o praxomasqo than?
Mark,16,4,"Ama kana dikhle ⌞k‑o praxomasqo than⌟, dikhle ke o barr, savo sas zorales baro, sas spidino rigaθe."
Mark,16,5,"Haj kana gele and‑e kamera le praxomasqi, dikhle jekhe ternes, xurǎvdo ande jekh roba parni, beśindoj tele and‑e ćaći rig, haj lilǎs len e ."
Mark,16,6,"Ama vov phendǎs lenqe: — Na ! Tume roden le Isusos de‑and‑o Nazaret, savo sas mardo karfença p‑o truśul. ! Na‑i kathe! Ita o than kaj thodesas Les!"
Mark,16,7,"Ama ʒan tumenqe haj phenen Lesqe ućenićenqe haj le Petrosqe ke o Isus ʒala maj anglal tumenθar and‑e Galilea ⌞te aźukerel tumen⌟! Kothe dikhena Les tume, sar phendǎs tumenqe."
Mark,16,8,"Haj ol ʒuvlǎ inkliste avri haj naśle katar o praxomasqo than, vaś ke sas zorales daravde haj mirime. Haj na phende khanikasqe ⌞so dikhle haj so aśunde⌟, vaś ke daranas. O Isus sikavdǒl pala so ʒivdilǎs"
Mark,16,9,"Pala so detexara and‑o jekhto ges de‑and‑o kurko, ⌞kurke⌟, o Isus sikavdilǎs maj anglal la Mariaqe Magdalena, de‑ande savǎθe inkaldǎsas efta bengen."
Mark,16,10,Voj gelǎs haj kolenqe save sasas Leça haj save ⌞akana⌟ rovenas dukhavde haj tristome.
Mark,16,11,"Kana aśunde laθar ke o Isus si ʒivdo haj ke voj dikhlǎs Les, von na pakǎjle la."
Mark,16,12,"Pala koja o Isus sikavdilǎs avre kipoça dujenqe de‑ande lenθe, save ʒanas gavesθe."
Mark,16,13,"Vi von gele haj mothode okolavrenqe, ama kola na pakǎjle ni len."
Mark,16,14,"O Isus sikavdilǎs maj palal le deśujekhe ućenićenqe, kana beśenas te xan. Vov mustrosardǎs len anda ke na pakǎn haj na mukhen pen konvinʒime, vaś ke na pakǎjle kolen save dikhle Les . O Isus bićhalel le deśujekhe ućenićen"
Mark,16,15,Pala koja phendǎs lenqe: — Ʒan ande sǎ e lumǎ haj phenen e Laćhi Vestǎ savorre manuśenqe!
Mark,16,16,"Kon pakǎla haj avela , avela xastravdo. Ama kon na pakǎla, avela kondamnime."
Mark,16,17,⌞Kadala si⌟ ol semnurǎ saven kerena len kola kaj pakǎn: ande Mirro inkalena bengen ⌞de‑and‑ol manuśa⌟ haj dena duma ande ćhibǎ saven na ʒanen len.
Mark,16,18,"Dake lena sapen veninoso and‑ol vasta vaj dake piena vareso kaj mudarel le manuśen, lenqe na kerena lenqe nijekh nasulipen. Haj thona penqe vasta p‑ol nasfale te sastǎren len haj ol nasfale sastǒna. O Isus si vazdino k‑o ćeri"
Mark,16,19,"Pala so dinǎs lenqe duma, o Raj Isus sas vazdino k‑o ćeri haj thodǎs Pes ⌞p‑o trono⌟ k‑e ćaći rig le Devlesqi."
Mark,16,20,Haj ol ućenićǎ gele haj phende e Laćhi Vestǎ ande savorre riga. O Raj aźutilas len ande lenqi buki haj sikavelas semnurença ke si ćaćes so phenenas von. Amin!
